Id_Encuesta,N_Encuesta,encuesta_a,encuesta_m,zona_u_r,region,Sexo,Edad,estrato,iden_pol_3
1,71,2014,7.0,1.0,15.0,1,47,3.0,
2,71,2014,7.0,1.0,15.0,1,38,3.0,
4,71,2014,7.0,1.0,15.0,2,69,3.0,
5,71,2014,7.0,1.0,15.0,1,22,3.0,
6,71,2014,7.0,1.0,15.0,2,45,3.0,
7,71,2014,7.0,1.0,15.0,1,31,3.0,
9,71,2014,7.0,1.0,15.0,1,30,3.0,
10,71,2014,7.0,1.0,15.0,1,19,3.0,
11,71,2014,7.0,1.0,15.0,2,27,3.0,
12,71,2014,7.0,1.0,15.0,1,28,3.0,
15,71,2014,7.0,1.0,15.0,2,25,2.0,
16,71,2014,7.0,1.0,15.0,2,18,4.0,
17,71,2014,7.0,1.0,15.0,2,71,4.0,
18,71,2014,7.0,1.0,15.0,2,23,4.0,
20,71,2014,7.0,1.0,15.0,2,32,4.0,
23,71,2014,7.0,1.0,15.0,1,54,3.0,
24,71,2014,7.0,1.0,15.0,1,59,4.0,
25,71,2014,7.0,1.0,1.0,2,53,3.0,
26,71,2014,7.0,1.0,1.0,2,55,3.0,
28,71,2014,7.0,1.0,1.0,1,62,3.0,
29,71,2014,7.0,1.0,1.0,2,60,2.0,
31,71,2014,7.0,1.0,1.0,2,38,3.0,
32,71,2014,7.0,1.0,1.0,1,34,4.0,
33,71,2014,7.0,1.0,1.0,1,23,4.0,
34,71,2014,7.0,1.0,1.0,1,72,4.0,
35,71,2014,7.0,1.0,1.0,1,42,3.0,
36,71,2014,7.0,1.0,1.0,1,73,4.0,
37,71,2014,7.0,1.0,1.0,1,30,3.0,
38,71,2014,7.0,1.0,1.0,2,27,3.0,
39,71,2014,7.0,1.0,1.0,2,30,3.0,
41,71,2014,7.0,1.0,1.0,2,56,2.0,
43,71,2014,7.0,1.0,1.0,2,22,2.0,
44,71,2014,7.0,1.0,1.0,2,34,2.0,
45,71,2014,7.0,1.0,1.0,2,22,2.0,
47,71,2014,7.0,1.0,1.0,1,37,4.0,
48,71,2014,7.0,1.0,1.0,1,26,3.0,
49,71,2014,7.0,1.0,2.0,1,70,4.0,
50,71,2014,7.0,1.0,2.0,1,43,4.0,
51,71,2014,7.0,1.0,2.0,2,67,4.0,
52,71,2014,7.0,1.0,2.0,1,39,3.0,
53,71,2014,7.0,1.0,2.0,2,26,3.0,
54,71,2014,7.0,1.0,2.0,1,33,4.0,
55,71,2014,7.0,1.0,2.0,2,58,3.0,
56,71,2014,7.0,1.0,2.0,2,24,4.0,
57,71,2014,7.0,1.0,2.0,2,45,4.0,
58,71,2014,7.0,1.0,2.0,1,49,4.0,
59,71,2014,7.0,1.0,2.0,1,38,4.0,
60,71,2014,7.0,1.0,2.0,1,20,3.0,
61,71,2014,7.0,1.0,2.0,2,33,2.0,
62,71,2014,7.0,1.0,2.0,2,40,2.0,
63,71,2014,7.0,1.0,2.0,1,27,2.0,
64,71,2014,7.0,1.0,2.0,2,29,2.0,
65,71,2014,7.0,1.0,2.0,1,71,2.0,
66,71,2014,7.0,1.0,2.0,2,66,2.0,
67,71,2014,7.0,1.0,2.0,2,59,4.0,
68,71,2014,7.0,1.0,2.0,1,66,4.0,
69,71,2014,7.0,1.0,2.0,1,59,4.0,
70,71,2014,7.0,1.0,2.0,1,64,4.0,
71,71,2014,7.0,1.0,2.0,2,47,4.0,
72,71,2014,7.0,1.0,2.0,1,23,4.0,
73,71,2014,7.0,1.0,2.0,1,68,4.0,
74,71,2014,7.0,1.0,2.0,2,38,4.0,
75,71,2014,7.0,1.0,2.0,2,30,4.0,
76,71,2014,7.0,1.0,2.0,1,39,4.0,
77,71,2014,7.0,1.0,2.0,1,21,4.0,
78,71,2014,7.0,1.0,2.0,2,65,4.0,
79,71,2014,7.0,1.0,2.0,2,57,3.0,
80,71,2014,7.0,1.0,2.0,2,23,3.0,
81,71,2014,7.0,1.0,2.0,2,58,3.0,
82,71,2014,7.0,1.0,2.0,1,41,2.0,
83,71,2014,7.0,1.0,2.0,1,47,2.0,
84,71,2014,7.0,1.0,2.0,1,51,3.0,
85,71,2014,7.0,1.0,2.0,2,27,2.0,
86,71,2014,7.0,1.0,2.0,1,32,3.0,
87,71,2014,7.0,1.0,2.0,1,56,2.0,
88,71,2014,7.0,1.0,2.0,2,60,3.0,
89,71,2014,7.0,1.0,2.0,1,53,2.0,
90,71,2014,7.0,1.0,2.0,1,45,2.0,
91,71,2014,7.0,1.0,2.0,2,31,4.0,
92,71,2014,7.0,1.0,2.0,1,43,4.0,
93,71,2014,7.0,1.0,2.0,2,82,3.0,
94,71,2014,7.0,1.0,2.0,1,55,4.0,
95,71,2014,7.0,1.0,2.0,2,28,3.0,
96,71,2014,7.0,1.0,2.0,1,35,4.0,
97,71,2014,7.0,1.0,2.0,2,45,4.0,
98,71,2014,7.0,1.0,2.0,1,44,4.0,
99,71,2014,7.0,1.0,2.0,2,36,4.0,
100,71,2014,7.0,1.0,2.0,1,63,4.0,
101,71,2014,7.0,1.0,2.0,1,28,3.0,
102,71,2014,7.0,1.0,2.0,2,27,4.0,
103,71,2014,7.0,1.0,3.0,1,43,3.0,
104,71,2014,7.0,1.0,3.0,2,67,4.0,
105,71,2014,7.0,1.0,3.0,1,79,4.0,
106,71,2014,7.0,1.0,3.0,1,56,4.0,
107,71,2014,7.0,1.0,3.0,1,68,3.0,
108,71,2014,7.0,1.0,3.0,1,73,4.0,
109,71,2014,7.0,1.0,3.0,2,74,3.0,
110,71,2014,7.0,1.0,3.0,1,96,3.0,
111,71,2014,7.0,1.0,3.0,1,80,3.0,
112,71,2014,7.0,1.0,3.0,1,62,3.0,
113,71,2014,7.0,1.0,3.0,1,70,3.0,
115,71,2014,7.0,1.0,3.0,2,49,3.0,
116,71,2014,7.0,1.0,3.0,2,28,3.0,
117,71,2014,7.0,1.0,3.0,1,71,3.0,
118,71,2014,7.0,1.0,3.0,1,54,4.0,
119,71,2014,7.0,1.0,3.0,1,52,3.0,
120,71,2014,7.0,1.0,3.0,2,59,3.0,
121,71,2014,7.0,1.0,3.0,2,60,2.0,
122,71,2014,7.0,1.0,3.0,1,25,2.0,
123,71,2014,7.0,1.0,3.0,1,41,3.0,
124,71,2014,7.0,1.0,3.0,2,65,3.0,
125,71,2014,7.0,1.0,3.0,2,83,3.0,
126,71,2014,7.0,1.0,3.0,2,83,3.0,
127,71,2014,7.0,1.0,4.0,1,23,3.0,
128,71,2014,7.0,1.0,4.0,1,41,2.0,
130,71,2014,7.0,1.0,4.0,2,30,2.0,
133,71,2014,7.0,1.0,4.0,1,71,4.0,
134,71,2014,7.0,1.0,4.0,1,60,3.0,
135,71,2014,7.0,1.0,4.0,1,62,3.0,
136,71,2014,7.0,1.0,4.0,1,72,4.0,
137,71,2014,7.0,1.0,4.0,2,45,3.0,
138,71,2014,7.0,1.0,4.0,2,53,4.0,
139,71,2014,7.0,1.0,4.0,2,22,4.0,
140,71,2014,7.0,1.0,4.0,2,72,3.0,
141,71,2014,7.0,1.0,4.0,1,19,3.0,
142,71,2014,7.0,1.0,4.0,1,60,4.0,
143,71,2014,7.0,1.0,4.0,1,42,3.0,
144,71,2014,7.0,1.0,4.0,2,39,4.0,
145,71,2014,7.0,2.0,4.0,1,75,3.0,
146,71,2014,7.0,2.0,4.0,1,82,3.0,
147,71,2014,7.0,2.0,4.0,1,26,4.0,
148,71,2014,7.0,2.0,4.0,2,67,4.0,
149,71,2014,7.0,2.0,4.0,1,30,4.0,
150,71,2014,7.0,2.0,4.0,1,73,3.0,
152,71,2014,7.0,1.0,4.0,2,29,3.0,
154,71,2014,7.0,1.0,4.0,2,54,3.0,
155,71,2014,7.0,1.0,4.0,2,30,3.0,
156,71,2014,7.0,1.0,4.0,2,79,3.0,
157,71,2014,7.0,1.0,4.0,1,44,3.0,
158,71,2014,7.0,1.0,4.0,1,47,3.0,
159,71,2014,7.0,1.0,4.0,2,20,4.0,
160,71,2014,7.0,1.0,4.0,1,53,3.0,
162,71,2014,7.0,1.0,4.0,2,61,3.0,
164,71,2014,7.0,1.0,4.0,2,55,3.0,
166,71,2014,7.0,1.0,4.0,2,62,3.0,
167,71,2014,7.0,1.0,4.0,2,22,3.0,
168,71,2014,7.0,1.0,4.0,1,70,4.0,
169,71,2014,7.0,1.0,4.0,2,34,4.0,
170,71,2014,7.0,1.0,4.0,2,49,4.0,
172,71,2014,7.0,1.0,4.0,2,74,4.0,
174,71,2014,7.0,1.0,4.0,1,71,4.0,
175,71,2014,7.0,2.0,4.0,2,64,4.0,
176,71,2014,7.0,2.0,4.0,2,20,4.0,
177,71,2014,7.0,2.0,4.0,2,32,4.0,
178,71,2014,7.0,2.0,4.0,1,48,3.0,
179,71,2014,7.0,2.0,4.0,2,19,4.0,
180,71,2014,7.0,2.0,4.0,1,73,4.0,
181,71,2014,7.0,1.0,4.0,2,35,4.0,
182,71,2014,7.0,1.0,4.0,2,65,3.0,
183,71,2014,7.0,1.0,4.0,1,82,4.0,
185,71,2014,7.0,1.0,4.0,1,24,3.0,
186,71,2014,7.0,1.0,4.0,2,81,4.0,
187,71,2014,7.0,1.0,4.0,2,53,4.0,
188,71,2014,7.0,1.0,4.0,2,37,4.0,
189,71,2014,7.0,1.0,4.0,2,34,4.0,
191,71,2014,7.0,1.0,4.0,2,81,4.0,
192,71,2014,7.0,1.0,4.0,1,25,4.0,
193,71,2014,7.0,2.0,4.0,1,63,4.0,
194,71,2014,7.0,2.0,4.0,2,51,4.0,
195,71,2014,7.0,2.0,4.0,2,51,4.0,
196,71,2014,7.0,2.0,4.0,2,32,4.0,
197,71,2014,7.0,2.0,4.0,1,23,4.0,
198,71,2014,7.0,2.0,4.0,2,53,4.0,
199,71,2014,7.0,1.0,5.0,1,32,3.0,
200,71,2014,7.0,1.0,5.0,1,60,3.0,
201,71,2014,7.0,1.0,5.0,1,40,2.0,
203,71,2014,7.0,1.0,5.0,1,31,3.0,
206,71,2014,7.0,1.0,5.0,2,18,3.0,
207,71,2014,7.0,1.0,5.0,1,76,3.0,
208,71,2014,7.0,1.0,5.0,2,45,5.0,
209,71,2014,7.0,1.0,5.0,1,84,3.0,
210,71,2014,7.0,1.0,5.0,2,42,4.0,
211,71,2014,7.0,1.0,5.0,2,27,4.0,
212,71,2014,7.0,1.0,5.0,1,18,1.0,
213,71,2014,7.0,1.0,5.0,2,80,3.0,
215,71,2014,7.0,1.0,5.0,1,41,4.0,
216,71,2014,7.0,1.0,5.0,2,41,4.0,
217,71,2014,7.0,1.0,5.0,1,51,3.0,
218,71,2014,7.0,1.0,5.0,2,77,4.0,
219,71,2014,7.0,1.0,5.0,2,77,3.0,
220,71,2014,7.0,1.0,5.0,2,29,4.0,
221,71,2014,7.0,1.0,5.0,1,63,3.0,
222,71,2014,7.0,1.0,5.0,2,81,3.0,
223,71,2014,7.0,1.0,5.0,2,28,4.0,
224,71,2014,7.0,1.0,5.0,2,79,2.0,
225,71,2014,7.0,1.0,5.0,2,59,1.0,
226,71,2014,7.0,1.0,5.0,2,78,4.0,
227,71,2014,7.0,1.0,5.0,2,75,3.0,
230,71,2014,7.0,1.0,5.0,2,33,3.0,
231,71,2014,7.0,1.0,5.0,2,21,3.0,
233,71,2014,7.0,1.0,5.0,1,33,3.0,
235,71,2014,7.0,1.0,5.0,1,68,4.0,
236,71,2014,7.0,1.0,5.0,2,70,3.0,
237,71,2014,7.0,1.0,5.0,2,74,4.0,
238,71,2014,7.0,1.0,5.0,2,49,3.0,
239,71,2014,7.0,1.0,5.0,2,66,4.0,
241,71,2014,7.0,1.0,5.0,2,31,1.0,
242,71,2014,7.0,1.0,5.0,2,87,2.0,
243,71,2014,7.0,1.0,5.0,2,52,2.0,
246,71,2014,7.0,1.0,5.0,1,68,3.0,
247,71,2014,7.0,1.0,5.0,2,46,1.0,
248,71,2014,7.0,1.0,5.0,1,41,1.0,
249,71,2014,7.0,1.0,5.0,1,58,3.0,
251,71,2014,7.0,1.0,5.0,1,79,3.0,
253,71,2014,7.0,1.0,5.0,2,65,3.0,
254,71,2014,7.0,1.0,5.0,1,57,3.0,
257,71,2014,7.0,1.0,5.0,2,68,3.0,
259,71,2014,7.0,1.0,5.0,2,68,2.0,
260,71,2014,7.0,1.0,5.0,2,36,3.0,
262,71,2014,7.0,1.0,5.0,2,52,4.0,
263,71,2014,7.0,1.0,5.0,2,76,3.0,
264,71,2014,7.0,1.0,5.0,2,32,3.0,
265,71,2014,7.0,1.0,5.0,1,64,3.0,
266,71,2014,7.0,1.0,5.0,1,53,3.0,
267,71,2014,7.0,1.0,5.0,2,61,3.0,
269,71,2014,7.0,1.0,5.0,1,20,3.0,
272,71,2014,7.0,1.0,5.0,2,49,3.0,
273,71,2014,7.0,1.0,5.0,2,31,3.0,
274,71,2014,7.0,1.0,5.0,2,31,3.0,
275,71,2014,7.0,1.0,5.0,2,46,3.0,
276,71,2014,7.0,1.0,5.0,2,43,3.0,
277,71,2014,7.0,1.0,5.0,2,49,3.0,
283,71,2014,7.0,1.0,5.0,1,38,3.0,
284,71,2014,7.0,1.0,5.0,1,47,1.0,
287,71,2014,7.0,1.0,5.0,1,50,2.0,
293,71,2014,7.0,1.0,5.0,1,76,2.0,
296,71,2014,7.0,1.0,5.0,2,58,2.0,
297,71,2014,7.0,1.0,5.0,1,64,3.0,
299,71,2014,7.0,1.0,5.0,1,42,2.0,
301,71,2014,7.0,1.0,5.0,2,51,4.0,
303,71,2014,7.0,1.0,5.0,1,33,4.0,
305,71,2014,7.0,1.0,5.0,2,40,4.0,
307,71,2014,7.0,1.0,5.0,2,52,3.0,
308,71,2014,7.0,1.0,5.0,2,67,3.0,
309,71,2014,7.0,1.0,5.0,2,33,4.0,
310,71,2014,7.0,1.0,5.0,1,59,4.0,
312,71,2014,7.0,1.0,5.0,2,36,4.0,
313,71,2014,7.0,1.0,5.0,2,25,4.0,
315,71,2014,7.0,1.0,5.0,1,84,4.0,
316,71,2014,7.0,1.0,5.0,1,72,4.0,
317,71,2014,7.0,1.0,5.0,2,29,4.0,
318,71,2014,7.0,1.0,5.0,2,79,4.0,
319,71,2014,7.0,1.0,5.0,2,35,3.0,
320,71,2014,7.0,1.0,5.0,2,22,3.0,
322,71,2014,7.0,1.0,5.0,1,58,3.0,
323,71,2014,7.0,1.0,5.0,1,21,3.0,
324,71,2014,7.0,1.0,5.0,1,63,3.0,
325,71,2014,7.0,2.0,5.0,1,33,2.0,
326,71,2014,7.0,2.0,5.0,2,44,3.0,
327,71,2014,7.0,2.0,5.0,1,50,4.0,
328,71,2014,7.0,2.0,5.0,1,33,3.0,
329,71,2014,7.0,2.0,5.0,2,34,3.0,
330,71,2014,7.0,2.0,5.0,2,42,4.0,
331,71,2014,7.0,1.0,5.0,2,64,4.0,
332,71,2014,7.0,1.0,5.0,2,60,4.0,
333,71,2014,7.0,1.0,5.0,2,71,4.0,
334,71,2014,7.0,1.0,5.0,1,52,2.0,
335,71,2014,7.0,1.0,5.0,2,42,4.0,
336,71,2014,7.0,1.0,5.0,2,31,3.0,
337,71,2014,7.0,1.0,5.0,2,63,4.0,
338,71,2014,7.0,1.0,5.0,2,42,4.0,
339,71,2014,7.0,1.0,5.0,2,59,4.0,
341,71,2014,7.0,1.0,5.0,2,21,4.0,
342,71,2014,7.0,1.0,5.0,2,29,4.0,
343,71,2014,7.0,1.0,5.0,2,40,3.0,
344,71,2014,7.0,1.0,5.0,2,31,4.0,
345,71,2014,7.0,1.0,5.0,2,48,3.0,
346,71,2014,7.0,1.0,5.0,1,51,3.0,
347,71,2014,7.0,1.0,5.0,2,48,3.0,
349,71,2014,7.0,2.0,5.0,1,57,3.0,
350,71,2014,7.0,2.0,5.0,1,52,3.0,
351,71,2014,7.0,2.0,5.0,2,78,4.0,
352,71,2014,7.0,2.0,5.0,2,44,3.0,
355,71,2014,7.0,1.0,5.0,1,69,4.0,
356,71,2014,7.0,1.0,5.0,2,38,4.0,
357,71,2014,7.0,1.0,5.0,2,59,4.0,
358,71,2014,7.0,1.0,5.0,2,26,4.0,
359,71,2014,7.0,1.0,5.0,1,88,3.0,
360,71,2014,7.0,1.0,5.0,1,59,4.0,
361,71,2014,7.0,1.0,5.0,1,57,3.0,
363,71,2014,7.0,1.0,5.0,2,44,2.0,
364,71,2014,7.0,1.0,5.0,2,28,3.0,
366,71,2014,7.0,1.0,5.0,1,28,3.0,
367,71,2014,7.0,1.0,5.0,2,35,2.0,
369,71,2014,7.0,1.0,5.0,1,71,2.0,
370,71,2014,7.0,1.0,5.0,2,67,3.0,
372,71,2014,7.0,1.0,5.0,2,28,2.0,
374,71,2014,7.0,1.0,5.0,2,23,3.0,
375,71,2014,7.0,1.0,5.0,2,65,3.0,
376,71,2014,7.0,1.0,5.0,2,72,3.0,
378,71,2014,7.0,1.0,5.0,2,69,3.0,
379,71,2014,7.0,1.0,5.0,1,67,3.0,
380,71,2014,7.0,1.0,5.0,2,85,2.0,
381,71,2014,7.0,1.0,5.0,1,87,2.0,
382,71,2014,7.0,1.0,5.0,2,93,2.0,
385,71,2014,7.0,1.0,5.0,1,71,4.0,
386,71,2014,7.0,1.0,5.0,2,77,4.0,
387,71,2014,7.0,1.0,5.0,2,56,2.0,
388,71,2014,7.0,1.0,5.0,1,63,2.0,
389,71,2014,7.0,1.0,5.0,2,43,4.0,
390,71,2014,7.0,1.0,5.0,1,57,4.0,
391,71,2014,7.0,2.0,5.0,2,54,4.0,
392,71,2014,7.0,2.0,5.0,1,74,4.0,
393,71,2014,7.0,2.0,5.0,2,65,3.0,
394,71,2014,7.0,2.0,5.0,2,50,4.0,
395,71,2014,7.0,2.0,5.0,1,32,2.0,
396,71,2014,7.0,2.0,5.0,2,31,4.0,
399,71,2014,7.0,1.0,6.0,2,26,3.0,
400,71,2014,7.0,1.0,6.0,2,25,3.0,
401,71,2014,7.0,1.0,6.0,2,56,3.0,
402,71,2014,7.0,1.0,6.0,2,50,3.0,
403,71,2014,7.0,1.0,6.0,2,54,3.0,
405,71,2014,7.0,1.0,6.0,1,39,3.0,
406,71,2014,7.0,1.0,6.0,1,58,3.0,
409,71,2014,7.0,1.0,6.0,2,89,3.0,
410,71,2014,7.0,1.0,6.0,2,53,3.0,
411,71,2014,7.0,1.0,6.0,1,58,4.0,
412,71,2014,7.0,1.0,6.0,1,28,3.0,
414,71,2014,7.0,1.0,6.0,2,44,4.0,
415,71,2014,7.0,1.0,6.0,1,46,4.0,
416,71,2014,7.0,1.0,6.0,2,32,3.0,
417,71,2014,7.0,1.0,6.0,2,25,4.0,
418,71,2014,7.0,1.0,6.0,2,28,4.0,
419,71,2014,7.0,1.0,6.0,2,69,4.0,
420,71,2014,7.0,1.0,6.0,2,38,4.0,
421,71,2014,7.0,1.0,6.0,2,58,4.0,
422,71,2014,7.0,1.0,6.0,1,33,3.0,
423,71,2014,7.0,1.0,6.0,2,19,3.0,
424,71,2014,7.0,1.0,6.0,2,39,4.0,
425,71,2014,7.0,1.0,6.0,2,30,3.0,
426,71,2014,7.0,1.0,6.0,2,21,4.0,
427,71,2014,7.0,2.0,6.0,2,74,4.0,
428,71,2014,7.0,2.0,6.0,2,35,4.0,
429,71,2014,7.0,2.0,6.0,1,22,3.0,
430,71,2014,7.0,2.0,6.0,1,33,4.0,
431,71,2014,7.0,2.0,6.0,1,56,4.0,
432,71,2014,7.0,2.0,6.0,1,53,4.0,
434,71,2014,7.0,1.0,6.0,2,46,4.0,
435,71,2014,7.0,1.0,6.0,1,20,3.0,
436,71,2014,7.0,1.0,6.0,1,28,3.0,
437,71,2014,7.0,1.0,6.0,2,49,4.0,
438,71,2014,7.0,1.0,6.0,2,66,4.0,
439,71,2014,7.0,1.0,6.0,2,43,4.0,
440,71,2014,7.0,1.0,6.0,1,27,4.0,
441,71,2014,7.0,1.0,6.0,2,33,4.0,
442,71,2014,7.0,1.0,6.0,1,62,4.0,
445,71,2014,7.0,2.0,6.0,2,61,3.0,
446,71,2014,7.0,2.0,6.0,2,60,3.0,
447,71,2014,7.0,2.0,6.0,1,86,4.0,
448,71,2014,7.0,2.0,6.0,2,27,4.0,
449,71,2014,7.0,2.0,6.0,2,31,4.0,
450,71,2014,7.0,2.0,6.0,2,51,4.0,
451,71,2014,7.0,1.0,6.0,2,84,3.0,
452,71,2014,7.0,1.0,6.0,1,38,3.0,
454,71,2014,7.0,1.0,6.0,1,76,3.0,
456,71,2014,7.0,1.0,6.0,2,36,2.0,
457,71,2014,7.0,2.0,6.0,2,35,4.0,
458,71,2014,7.0,2.0,6.0,1,52,4.0,
459,71,2014,7.0,2.0,6.0,2,60,4.0,
460,71,2014,7.0,2.0,6.0,2,61,4.0,
461,71,2014,7.0,2.0,6.0,2,37,4.0,
462,71,2014,7.0,2.0,6.0,2,28,3.0,
463,71,2014,7.0,1.0,6.0,2,25,4.0,
464,71,2014,7.0,1.0,6.0,2,19,3.0,
467,71,2014,7.0,1.0,6.0,1,26,3.0,
471,71,2014,7.0,1.0,6.0,2,55,4.0,
472,71,2014,7.0,1.0,6.0,2,58,4.0,
473,71,2014,7.0,1.0,6.0,1,52,3.0,
474,71,2014,7.0,1.0,6.0,2,45,4.0,
475,71,2014,7.0,2.0,6.0,2,39,3.0,
476,71,2014,7.0,2.0,6.0,2,39,4.0,
477,71,2014,7.0,2.0,6.0,1,58,4.0,
478,71,2014,7.0,2.0,6.0,1,57,4.0,
479,71,2014,7.0,2.0,6.0,2,83,4.0,
480,71,2014,7.0,2.0,6.0,2,31,3.0,
481,71,2014,7.0,2.0,6.0,1,51,4.0,
482,71,2014,7.0,2.0,6.0,1,18,4.0,
483,71,2014,7.0,2.0,6.0,2,19,4.0,
484,71,2014,7.0,2.0,6.0,1,45,4.0,
485,71,2014,7.0,2.0,6.0,2,66,4.0,
486,71,2014,7.0,2.0,6.0,1,43,4.0,
490,71,2014,7.0,1.0,6.0,1,60,3.0,
493,71,2014,7.0,1.0,7.0,1,57,3.0,
494,71,2014,7.0,1.0,7.0,1,69,2.0,
495,71,2014,7.0,1.0,7.0,2,26,3.0,
496,71,2014,7.0,1.0,7.0,2,70,3.0,
499,71,2014,7.0,1.0,7.0,2,72,4.0,
500,71,2014,7.0,1.0,7.0,2,76,4.0,
502,71,2014,7.0,1.0,7.0,1,54,4.0,
503,71,2014,7.0,1.0,7.0,1,37,4.0,
504,71,2014,7.0,1.0,7.0,2,59,3.0,
505,71,2014,7.0,1.0,7.0,1,34,2.0,
506,71,2014,7.0,1.0,7.0,2,58,3.0,
507,71,2014,7.0,1.0,7.0,2,54,4.0,
509,71,2014,7.0,1.0,7.0,2,34,2.0,
510,71,2014,7.0,1.0,7.0,2,49,3.0,
511,71,2014,7.0,1.0,7.0,1,23,3.0,
512,71,2014,7.0,1.0,7.0,1,57,2.0,
513,71,2014,7.0,1.0,7.0,2,82,2.0,
516,71,2014,7.0,1.0,7.0,1,33,3.0,
518,71,2014,7.0,1.0,7.0,1,57,3.0,
519,71,2014,7.0,1.0,7.0,1,40,4.0,
521,71,2014,7.0,1.0,7.0,1,82,2.0,
522,71,2014,7.0,1.0,7.0,1,51,4.0,
523,71,2014,7.0,2.0,7.0,2,25,4.0,
524,71,2014,7.0,2.0,7.0,1,39,4.0,
525,71,2014,7.0,2.0,7.0,1,61,4.0,
526,71,2014,7.0,2.0,7.0,1,40,3.0,
527,71,2014,7.0,2.0,7.0,1,66,3.0,
528,71,2014,7.0,2.0,7.0,1,75,4.0,
529,71,2014,7.0,1.0,7.0,1,41,4.0,
530,71,2014,7.0,1.0,7.0,2,36,4.0,
531,71,2014,7.0,1.0,7.0,2,46,4.0,
533,71,2014,7.0,1.0,7.0,1,25,4.0,
534,71,2014,7.0,1.0,7.0,2,40,4.0,
535,71,2014,7.0,2.0,7.0,2,50,4.0,
536,71,2014,7.0,2.0,7.0,2,36,4.0,
537,71,2014,7.0,2.0,7.0,1,64,4.0,
538,71,2014,7.0,2.0,7.0,2,52,4.0,
539,71,2014,7.0,2.0,7.0,1,75,4.0,
540,71,2014,7.0,2.0,7.0,1,71,4.0,
541,71,2014,7.0,1.0,7.0,1,52,2.0,
542,71,2014,7.0,1.0,7.0,2,58,2.0,
543,71,2014,7.0,1.0,7.0,2,60,4.0,
546,71,2014,7.0,1.0,7.0,1,50,4.0,
547,71,2014,7.0,1.0,7.0,2,61,5.0,
548,71,2014,7.0,1.0,7.0,2,58,5.0,
551,71,2014,7.0,1.0,7.0,1,80,5.0,
552,71,2014,7.0,1.0,7.0,1,50,5.0,
554,71,2014,7.0,1.0,7.0,1,70,4.0,
555,71,2014,7.0,1.0,7.0,2,44,4.0,
556,71,2014,7.0,1.0,7.0,1,59,4.0,
557,71,2014,7.0,1.0,7.0,1,29,4.0,
559,71,2014,7.0,2.0,7.0,1,73,5.0,
560,71,2014,7.0,2.0,7.0,2,75,5.0,
561,71,2014,7.0,2.0,7.0,2,73,5.0,
562,71,2014,7.0,2.0,7.0,1,70,5.0,
563,71,2014,7.0,2.0,7.0,2,61,4.0,
564,71,2014,7.0,2.0,7.0,1,75,5.0,
565,71,2014,7.0,1.0,7.0,1,24,4.0,
567,71,2014,7.0,1.0,7.0,2,81,4.0,
568,71,2014,7.0,1.0,7.0,2,57,2.0,
569,71,2014,7.0,1.0,7.0,1,25,4.0,
570,71,2014,7.0,1.0,7.0,2,41,2.0,
571,71,2014,7.0,1.0,7.0,1,56,3.0,
572,71,2014,7.0,1.0,7.0,2,20,4.0,
574,71,2014,7.0,1.0,7.0,1,37,4.0,
575,71,2014,7.0,1.0,7.0,2,35,3.0,
577,71,2014,7.0,2.0,7.0,1,49,4.0,
578,71,2014,7.0,2.0,7.0,1,43,4.0,
579,71,2014,7.0,2.0,7.0,2,24,5.0,
580,71,2014,7.0,2.0,7.0,2,53,5.0,
581,71,2014,7.0,2.0,7.0,2,23,4.0,
582,71,2014,7.0,2.0,7.0,2,59,5.0,
583,71,2014,7.0,1.0,7.0,2,61,4.0,
585,71,2014,7.0,1.0,7.0,1,49,4.0,
586,71,2014,7.0,1.0,7.0,2,25,3.0,
587,71,2014,7.0,1.0,7.0,1,55,4.0,
589,71,2014,7.0,2.0,7.0,1,20,3.0,
590,71,2014,7.0,2.0,7.0,2,85,3.0,
591,71,2014,7.0,2.0,7.0,1,57,4.0,
592,71,2014,7.0,2.0,7.0,2,20,1.0,
593,71,2014,7.0,2.0,7.0,1,64,3.0,
594,71,2014,7.0,2.0,7.0,2,28,3.0,
595,71,2014,7.0,2.0,7.0,1,53,5.0,
596,71,2014,7.0,2.0,7.0,2,58,5.0,
597,71,2014,7.0,2.0,7.0,1,55,3.0,
598,71,2014,7.0,2.0,7.0,2,25,4.0,
599,71,2014,7.0,2.0,7.0,2,60,5.0,
600,71,2014,7.0,2.0,7.0,2,72,5.0,
603,71,2014,7.0,1.0,8.0,2,46,2.0,
604,71,2014,7.0,1.0,8.0,2,66,3.0,
605,71,2014,7.0,1.0,8.0,2,33,3.0,
606,71,2014,7.0,1.0,8.0,1,33,4.0,
607,71,2014,7.0,1.0,8.0,2,60,2.0,
608,71,2014,7.0,1.0,8.0,2,22,2.0,
609,71,2014,7.0,1.0,8.0,2,57,2.0,
610,71,2014,7.0,1.0,8.0,2,53,2.0,
611,71,2014,7.0,1.0,8.0,2,22,1.0,
612,71,2014,7.0,1.0,8.0,2,21,2.0,
614,71,2014,7.0,1.0,8.0,2,47,4.0,
615,71,2014,7.0,1.0,8.0,2,55,4.0,
616,71,2014,7.0,1.0,8.0,2,78,3.0,
617,71,2014,7.0,1.0,8.0,2,35,3.0,
618,71,2014,7.0,1.0,8.0,1,23,3.0,
619,71,2014,7.0,1.0,8.0,2,24,4.0,
620,71,2014,7.0,1.0,8.0,2,73,4.0,
621,71,2014,7.0,1.0,8.0,2,34,3.0,
622,71,2014,7.0,1.0,8.0,2,61,4.0,
623,71,2014,7.0,1.0,8.0,2,42,3.0,
625,71,2014,7.0,1.0,8.0,2,25,3.0,
626,71,2014,7.0,1.0,8.0,2,64,3.0,
627,71,2014,7.0,1.0,8.0,2,36,3.0,
628,71,2014,7.0,1.0,8.0,2,18,3.0,
629,71,2014,7.0,1.0,8.0,1,21,4.0,
630,71,2014,7.0,1.0,8.0,2,38,3.0,
631,71,2014,7.0,1.0,8.0,1,65,3.0,
632,71,2014,7.0,1.0,8.0,2,65,4.0,
633,71,2014,7.0,1.0,8.0,2,73,3.0,
634,71,2014,7.0,1.0,8.0,2,60,3.0,
635,71,2014,7.0,1.0,8.0,1,77,3.0,
636,71,2014,7.0,1.0,8.0,1,59,3.0,
637,71,2014,7.0,1.0,8.0,1,50,3.0,
638,71,2014,7.0,1.0,8.0,2,25,4.0,
639,71,2014,7.0,1.0,8.0,2,33,3.0,
640,71,2014,7.0,1.0,8.0,1,37,3.0,
641,71,2014,7.0,1.0,8.0,2,45,3.0,
642,71,2014,7.0,1.0,8.0,2,68,3.0,
643,71,2014,7.0,1.0,8.0,2,40,4.0,
644,71,2014,7.0,1.0,8.0,2,75,4.0,
645,71,2014,7.0,1.0,8.0,2,36,4.0,
646,71,2014,7.0,1.0,8.0,2,76,4.0,
647,71,2014,7.0,1.0,8.0,1,48,4.0,
648,71,2014,7.0,1.0,8.0,2,84,3.0,
649,71,2014,7.0,1.0,8.0,1,25,3.0,
650,71,2014,7.0,1.0,8.0,2,22,2.0,
651,71,2014,7.0,1.0,8.0,1,38,4.0,
652,71,2014,7.0,1.0,8.0,2,18,3.0,
654,71,2014,7.0,1.0,8.0,2,75,4.0,
655,71,2014,7.0,1.0,8.0,2,53,4.0,
656,71,2014,7.0,1.0,8.0,2,24,4.0,
657,71,2014,7.0,1.0,8.0,2,34,4.0,
658,71,2014,7.0,1.0,8.0,2,47,4.0,
659,71,2014,7.0,1.0,8.0,2,19,4.0,
660,71,2014,7.0,1.0,8.0,2,50,4.0,
661,71,2014,7.0,1.0,8.0,2,47,4.0,
662,71,2014,7.0,1.0,8.0,1,27,4.0,
663,71,2014,7.0,1.0,8.0,2,18,4.0,
664,71,2014,7.0,1.0,8.0,2,55,4.0,
665,71,2014,7.0,1.0,8.0,2,66,4.0,
666,71,2014,7.0,1.0,8.0,2,27,4.0,
667,71,2014,7.0,1.0,8.0,2,31,3.0,
668,71,2014,7.0,1.0,8.0,1,63,3.0,
669,71,2014,7.0,1.0,8.0,1,63,4.0,
670,71,2014,7.0,1.0,8.0,2,56,4.0,
671,71,2014,7.0,1.0,8.0,1,66,3.0,
672,71,2014,7.0,1.0,8.0,2,42,4.0,
673,71,2014,7.0,1.0,8.0,2,65,4.0,
675,71,2014,7.0,1.0,8.0,1,18,3.0,
676,71,2014,7.0,1.0,8.0,2,43,4.0,
677,71,2014,7.0,1.0,8.0,2,42,4.0,
678,71,2014,7.0,1.0,8.0,1,56,4.0,
679,71,2014,7.0,1.0,8.0,1,43,4.0,
680,71,2014,7.0,1.0,8.0,2,49,2.0,
681,71,2014,7.0,1.0,8.0,1,21,4.0,
682,71,2014,7.0,1.0,8.0,2,80,4.0,
684,71,2014,7.0,1.0,8.0,2,29,2.0,
685,71,2014,7.0,1.0,8.0,2,60,3.0,
686,71,2014,7.0,1.0,8.0,2,58,3.0,
687,71,2014,7.0,1.0,8.0,2,84,4.0,
688,71,2014,7.0,1.0,8.0,2,59,3.0,
689,71,2014,7.0,1.0,8.0,1,19,3.0,
690,71,2014,7.0,1.0,8.0,1,66,3.0,
691,71,2014,7.0,1.0,8.0,2,39,3.0,
692,71,2014,7.0,1.0,8.0,1,34,3.0,
693,71,2014,7.0,1.0,8.0,1,77,3.0,
694,71,2014,7.0,1.0,8.0,1,70,3.0,
695,71,2014,7.0,1.0,8.0,2,70,3.0,
696,71,2014,7.0,1.0,8.0,2,72,3.0,
697,71,2014,7.0,1.0,8.0,1,77,4.0,
698,71,2014,7.0,1.0,8.0,2,85,3.0,
699,71,2014,7.0,1.0,8.0,2,56,4.0,
700,71,2014,7.0,1.0,8.0,2,27,4.0,
701,71,2014,7.0,1.0,8.0,2,63,4.0,
702,71,2014,7.0,1.0,8.0,2,42,3.0,
703,71,2014,7.0,2.0,8.0,1,46,3.0,
704,71,2014,7.0,2.0,8.0,1,22,4.0,
705,71,2014,7.0,2.0,8.0,1,50,4.0,
706,71,2014,7.0,2.0,8.0,2,24,4.0,
707,71,2014,7.0,2.0,8.0,2,23,4.0,
708,71,2014,7.0,2.0,8.0,2,34,4.0,
709,71,2014,7.0,1.0,8.0,2,21,4.0,
710,71,2014,7.0,1.0,8.0,2,22,4.0,
711,71,2014,7.0,1.0,8.0,2,71,4.0,
712,71,2014,7.0,1.0,8.0,2,38,4.0,
713,71,2014,7.0,1.0,8.0,2,26,4.0,
714,71,2014,7.0,1.0,8.0,2,25,4.0,
715,71,2014,7.0,1.0,8.0,1,71,3.0,
716,71,2014,7.0,1.0,8.0,2,70,4.0,
717,71,2014,7.0,1.0,8.0,2,30,4.0,
718,71,2014,7.0,1.0,8.0,2,23,4.0,
719,71,2014,7.0,1.0,8.0,1,75,3.0,
720,71,2014,7.0,1.0,8.0,2,65,3.0,
721,71,2014,7.0,1.0,8.0,2,29,3.0,
722,71,2014,7.0,1.0,8.0,2,40,4.0,
723,71,2014,7.0,1.0,8.0,1,47,3.0,
724,71,2014,7.0,1.0,8.0,1,70,4.0,
725,71,2014,7.0,1.0,8.0,2,50,4.0,
726,71,2014,7.0,1.0,8.0,1,45,4.0,
727,71,2014,7.0,1.0,8.0,2,68,3.0,
728,71,2014,7.0,1.0,8.0,2,53,3.0,
730,71,2014,7.0,1.0,8.0,2,63,3.0,
732,71,2014,7.0,1.0,8.0,2,34,3.0,
734,71,2014,7.0,1.0,8.0,1,72,4.0,
735,71,2014,7.0,1.0,8.0,1,45,4.0,
736,71,2014,7.0,1.0,8.0,2,65,3.0,
738,71,2014,7.0,1.0,8.0,1,53,3.0,
739,71,2014,7.0,2.0,8.0,2,58,4.0,
740,71,2014,7.0,2.0,8.0,2,55,3.0,
741,71,2014,7.0,2.0,8.0,2,46,3.0,
742,71,2014,7.0,2.0,8.0,2,34,3.0,
743,71,2014,7.0,2.0,8.0,1,77,4.0,
744,71,2014,7.0,2.0,8.0,2,60,4.0,
746,71,2014,7.0,1.0,8.0,2,44,3.0,
747,71,2014,7.0,1.0,8.0,2,29,4.0,
748,71,2014,7.0,1.0,8.0,2,57,3.0,
749,71,2014,7.0,1.0,8.0,2,67,4.0,
750,71,2014,7.0,1.0,8.0,1,35,3.0,
751,71,2014,7.0,2.0,8.0,2,74,4.0,
752,71,2014,7.0,2.0,8.0,2,36,4.0,
753,71,2014,7.0,2.0,8.0,2,45,4.0,
754,71,2014,7.0,2.0,8.0,1,61,4.0,
755,71,2014,7.0,2.0,8.0,2,58,3.0,
756,71,2014,7.0,2.0,8.0,2,50,3.0,
757,71,2014,7.0,1.0,8.0,2,24,3.0,
758,71,2014,7.0,1.0,8.0,2,18,3.0,
760,71,2014,7.0,1.0,8.0,2,76,3.0,
761,71,2014,7.0,1.0,8.0,2,28,3.0,
762,71,2014,7.0,1.0,8.0,2,47,3.0,
763,71,2014,7.0,2.0,8.0,2,28,4.0,
764,71,2014,7.0,2.0,8.0,1,82,4.0,
765,71,2014,7.0,2.0,8.0,1,51,4.0,
766,71,2014,7.0,2.0,8.0,2,61,4.0,
767,71,2014,7.0,2.0,8.0,2,64,4.0,
768,71,2014,7.0,2.0,8.0,1,68,4.0,
769,71,2014,7.0,1.0,8.0,2,60,2.0,
770,71,2014,7.0,1.0,8.0,1,57,2.0,
773,71,2014,7.0,1.0,8.0,1,76,2.0,
774,71,2014,7.0,1.0,8.0,1,29,2.0,
777,71,2014,7.0,1.0,8.0,2,89,3.0,
778,71,2014,7.0,1.0,8.0,2,84,3.0,
779,71,2014,7.0,1.0,8.0,2,84,4.0,
781,71,2014,7.0,1.0,8.0,1,68,3.0,
782,71,2014,7.0,1.0,8.0,2,47,3.0,
784,71,2014,7.0,1.0,8.0,1,55,3.0,
785,71,2014,7.0,1.0,8.0,2,72,3.0,
787,71,2014,7.0,1.0,8.0,2,60,3.0,
788,71,2014,7.0,1.0,8.0,1,62,4.0,
789,71,2014,7.0,1.0,8.0,2,57,3.0,
791,71,2014,7.0,1.0,8.0,1,33,4.0,
793,71,2014,7.0,2.0,8.0,2,77,4.0,
794,71,2014,7.0,2.0,8.0,2,81,4.0,
795,71,2014,7.0,2.0,8.0,2,32,3.0,
796,71,2014,7.0,2.0,8.0,1,53,4.0,
797,71,2014,7.0,2.0,8.0,2,70,4.0,
798,71,2014,7.0,2.0,8.0,2,65,4.0,
799,71,2014,7.0,2.0,8.0,2,49,4.0,
800,71,2014,7.0,2.0,8.0,2,72,4.0,
801,71,2014,7.0,2.0,8.0,2,67,5.0,
802,71,2014,7.0,2.0,8.0,2,51,5.0,
803,71,2014,7.0,2.0,8.0,2,69,5.0,
804,71,2014,7.0,2.0,8.0,2,57,3.0,
805,71,2014,7.0,1.0,8.0,2,28,2.0,
806,71,2014,7.0,1.0,8.0,2,38,2.0,
809,71,2014,7.0,1.0,8.0,2,46,3.0,
810,71,2014,7.0,1.0,8.0,2,18,3.0,
811,71,2014,7.0,2.0,8.0,2,62,5.0,
812,71,2014,7.0,2.0,8.0,2,44,4.0,
813,71,2014,7.0,2.0,8.0,2,56,5.0,
814,71,2014,7.0,2.0,8.0,2,45,5.0,
815,71,2014,7.0,2.0,8.0,1,29,5.0,
816,71,2014,7.0,2.0,8.0,1,84,5.0,
817,71,2014,7.0,1.0,8.0,1,54,4.0,
818,71,2014,7.0,1.0,8.0,1,33,4.0,
819,71,2014,7.0,1.0,8.0,1,39,3.0,
821,71,2014,7.0,1.0,8.0,1,54,4.0,
822,71,2014,7.0,1.0,8.0,2,42,3.0,
823,71,2014,7.0,1.0,9.0,1,80,3.0,
825,71,2014,7.0,1.0,9.0,2,33,3.0,
830,71,2014,7.0,1.0,9.0,2,21,3.0,
832,71,2014,7.0,1.0,9.0,2,37,3.0,
833,71,2014,7.0,1.0,9.0,2,19,4.0,
834,71,2014,7.0,1.0,9.0,2,67,3.0,
835,71,2014,7.0,1.0,9.0,2,38,4.0,
836,71,2014,7.0,1.0,9.0,2,53,4.0,
837,71,2014,7.0,1.0,9.0,1,19,4.0,
838,71,2014,7.0,1.0,9.0,1,28,4.0,
840,71,2014,7.0,1.0,9.0,2,51,4.0,
841,71,2014,7.0,1.0,9.0,2,56,4.0,
842,71,2014,7.0,1.0,9.0,2,54,4.0,
843,71,2014,7.0,1.0,9.0,2,60,4.0,
844,71,2014,7.0,1.0,9.0,1,45,4.0,
845,71,2014,7.0,1.0,9.0,2,43,4.0,
846,71,2014,7.0,1.0,9.0,1,28,4.0,
848,71,2014,7.0,1.0,9.0,2,21,4.0,
849,71,2014,7.0,1.0,9.0,2,40,4.0,
850,71,2014,7.0,1.0,9.0,2,67,4.0,
851,71,2014,7.0,1.0,9.0,1,35,4.0,
852,71,2014,7.0,1.0,9.0,2,70,4.0,
853,71,2014,7.0,2.0,9.0,2,35,3.0,
854,71,2014,7.0,2.0,9.0,1,40,4.0,
855,71,2014,7.0,2.0,9.0,2,48,3.0,
856,71,2014,7.0,2.0,9.0,1,33,4.0,
857,71,2014,7.0,2.0,9.0,1,59,4.0,
858,71,2014,7.0,2.0,9.0,2,55,4.0,
859,71,2014,7.0,1.0,9.0,1,85,4.0,
860,71,2014,7.0,1.0,9.0,2,40,5.0,
861,71,2014,7.0,1.0,9.0,2,31,4.0,
863,71,2014,7.0,1.0,9.0,2,32,4.0,
864,71,2014,7.0,1.0,9.0,1,71,4.0,
865,71,2014,7.0,2.0,9.0,2,59,4.0,
866,71,2014,7.0,2.0,9.0,1,31,4.0,
867,71,2014,7.0,2.0,9.0,1,26,4.0,
868,71,2014,7.0,2.0,9.0,2,48,4.0,
869,71,2014,7.0,2.0,9.0,2,68,4.0,
870,71,2014,7.0,2.0,9.0,2,35,4.0,
871,71,2014,7.0,1.0,9.0,2,53,3.0,
872,71,2014,7.0,1.0,9.0,1,63,3.0,
873,71,2014,7.0,1.0,9.0,1,60,3.0,
874,71,2014,7.0,1.0,9.0,2,53,3.0,
875,71,2014,7.0,1.0,9.0,2,48,4.0,
876,71,2014,7.0,1.0,9.0,1,33,3.0,
877,71,2014,7.0,2.0,9.0,1,65,4.0,
878,71,2014,7.0,2.0,9.0,1,31,4.0,
879,71,2014,7.0,2.0,9.0,2,39,4.0,
880,71,2014,7.0,2.0,9.0,1,68,4.0,
881,71,2014,7.0,2.0,9.0,2,32,4.0,
882,71,2014,7.0,2.0,9.0,2,70,4.0,
883,71,2014,7.0,1.0,9.0,1,23,4.0,
884,71,2014,7.0,1.0,9.0,2,18,4.0,
885,71,2014,7.0,1.0,9.0,2,46,4.0,
886,71,2014,7.0,1.0,9.0,2,81,4.0,
888,71,2014,7.0,1.0,9.0,2,56,4.0,
889,71,2014,7.0,2.0,9.0,2,18,3.0,
890,71,2014,7.0,2.0,9.0,1,75,4.0,
891,71,2014,7.0,2.0,9.0,2,30,4.0,
892,71,2014,7.0,2.0,9.0,2,41,3.0,
893,71,2014,7.0,2.0,9.0,1,55,4.0,
894,71,2014,7.0,2.0,9.0,1,50,4.0,
895,71,2014,7.0,1.0,9.0,1,22,3.0,
897,71,2014,7.0,1.0,9.0,2,73,3.0,
898,71,2014,7.0,1.0,9.0,2,34,3.0,
899,71,2014,7.0,1.0,9.0,1,28,3.0,
900,71,2014,7.0,1.0,9.0,1,18,3.0,
901,71,2014,7.0,1.0,9.0,1,65,3.0,
902,71,2014,7.0,1.0,9.0,2,44,3.0,
903,71,2014,7.0,1.0,9.0,2,62,3.0,
904,71,2014,7.0,1.0,9.0,1,19,3.0,
905,71,2014,7.0,1.0,9.0,1,30,2.0,
906,71,2014,7.0,1.0,9.0,2,40,2.0,
907,71,2014,7.0,2.0,9.0,2,56,4.0,
908,71,2014,7.0,2.0,9.0,2,38,4.0,
909,71,2014,7.0,2.0,9.0,2,54,4.0,
910,71,2014,7.0,2.0,9.0,1,51,4.0,
911,71,2014,7.0,2.0,9.0,1,70,4.0,
912,71,2014,7.0,2.0,9.0,1,33,4.0,
913,71,2014,7.0,1.0,9.0,2,29,4.0,
914,71,2014,7.0,1.0,9.0,2,26,4.0,
915,71,2014,7.0,1.0,9.0,2,77,4.0,
916,71,2014,7.0,1.0,9.0,2,29,3.0,
917,71,2014,7.0,1.0,9.0,2,32,4.0,
918,71,2014,7.0,1.0,9.0,1,56,4.0,
919,71,2014,7.0,2.0,9.0,2,45,4.0,
920,71,2014,7.0,2.0,9.0,1,66,4.0,
921,71,2014,7.0,2.0,9.0,1,50,4.0,
922,71,2014,7.0,2.0,9.0,2,45,4.0,
923,71,2014,7.0,2.0,9.0,1,74,4.0,
924,71,2014,7.0,2.0,9.0,2,41,4.0,
925,71,2014,7.0,1.0,14.0,2,45,3.0,
926,71,2014,7.0,1.0,14.0,2,26,3.0,
927,71,2014,7.0,1.0,14.0,1,51,3.0,
928,71,2014,7.0,1.0,14.0,1,45,3.0,
929,71,2014,7.0,1.0,14.0,2,33,4.0,
930,71,2014,7.0,1.0,14.0,1,49,4.0,
931,71,2014,7.0,1.0,14.0,2,70,3.0,
932,71,2014,7.0,1.0,14.0,2,53,3.0,
933,71,2014,7.0,1.0,14.0,1,29,3.0,
934,71,2014,7.0,1.0,14.0,2,42,3.0,
935,71,2014,7.0,1.0,14.0,1,41,3.0,
936,71,2014,7.0,1.0,14.0,2,23,3.0,
937,71,2014,7.0,1.0,14.0,2,50,4.0,
938,71,2014,7.0,1.0,14.0,2,48,4.0,
939,71,2014,7.0,1.0,14.0,1,19,3.0,
940,71,2014,7.0,1.0,14.0,2,23,4.0,
941,71,2014,7.0,1.0,14.0,2,20,4.0,
942,71,2014,7.0,1.0,14.0,2,45,4.0,
943,71,2014,7.0,1.0,14.0,1,44,4.0,
944,71,2014,7.0,1.0,14.0,2,49,4.0,
945,71,2014,7.0,1.0,14.0,1,45,4.0,
946,71,2014,7.0,1.0,14.0,2,36,3.0,
947,71,2014,7.0,1.0,14.0,1,35,3.0,
948,71,2014,7.0,1.0,14.0,2,51,3.0,
949,71,2014,7.0,2.0,14.0,1,45,4.0,
950,71,2014,7.0,2.0,14.0,2,22,4.0,
951,71,2014,7.0,2.0,14.0,1,44,4.0,
952,71,2014,7.0,2.0,14.0,2,62,4.0,
953,71,2014,7.0,2.0,14.0,2,88,4.0,
954,71,2014,7.0,2.0,14.0,2,35,3.0,
955,71,2014,7.0,1.0,14.0,2,54,2.0,
956,71,2014,7.0,1.0,14.0,1,46,2.0,
957,71,2014,7.0,1.0,14.0,1,65,2.0,
958,71,2014,7.0,1.0,14.0,1,84,4.0,
960,71,2014,7.0,1.0,14.0,2,56,4.0,
961,71,2014,7.0,2.0,14.0,1,59,4.0,
962,71,2014,7.0,2.0,14.0,2,52,4.0,
963,71,2014,7.0,2.0,14.0,2,33,4.0,
964,71,2014,7.0,2.0,14.0,1,22,4.0,
965,71,2014,7.0,2.0,14.0,2,51,5.0,
966,71,2014,7.0,2.0,14.0,2,45,4.0,
967,71,2014,7.0,1.0,10.0,2,27,4.0,
969,71,2014,7.0,1.0,10.0,2,57,4.0,
971,71,2014,7.0,1.0,10.0,2,42,3.0,
972,71,2014,7.0,1.0,10.0,2,37,3.0,
973,71,2014,7.0,1.0,10.0,1,39,4.0,
974,71,2014,7.0,1.0,10.0,1,22,4.0,
975,71,2014,7.0,1.0,10.0,2,29,4.0,
976,71,2014,7.0,1.0,10.0,1,72,3.0,
979,71,2014,7.0,1.0,10.0,2,72,4.0,
980,71,2014,7.0,1.0,10.0,2,59,3.0,
981,71,2014,7.0,1.0,10.0,2,27,3.0,
982,71,2014,7.0,1.0,10.0,2,56,4.0,
983,71,2014,7.0,1.0,10.0,1,67,4.0,
984,71,2014,7.0,1.0,10.0,1,77,3.0,
985,71,2014,7.0,1.0,10.0,1,60,3.0,
986,71,2014,7.0,1.0,10.0,1,32,3.0,
987,71,2014,7.0,1.0,10.0,2,66,4.0,
988,71,2014,7.0,1.0,10.0,2,77,4.0,
989,71,2014,7.0,1.0,10.0,1,38,4.0,
990,71,2014,7.0,1.0,10.0,1,77,4.0,
991,71,2014,7.0,2.0,10.0,2,41,3.0,
992,71,2014,7.0,2.0,10.0,1,73,4.0,
993,71,2014,7.0,2.0,10.0,2,34,4.0,
994,71,2014,7.0,2.0,10.0,1,75,4.0,
995,71,2014,7.0,2.0,10.0,2,78,4.0,
996,71,2014,7.0,2.0,10.0,2,67,4.0,
997,71,2014,7.0,1.0,10.0,1,71,4.0,
998,71,2014,7.0,1.0,10.0,2,62,5.0,
999,71,2014,7.0,1.0,10.0,2,54,4.0,
1000,71,2014,7.0,1.0,10.0,1,74,4.0,
1001,71,2014,7.0,1.0,10.0,2,31,4.0,
1002,71,2014,7.0,1.0,10.0,2,77,4.0,
1003,71,2014,7.0,2.0,10.0,2,59,4.0,
1004,71,2014,7.0,2.0,10.0,1,71,5.0,
1005,71,2014,7.0,2.0,10.0,1,45,5.0,
1006,71,2014,7.0,2.0,10.0,1,63,4.0,
1007,71,2014,7.0,2.0,10.0,2,58,4.0,
1008,71,2014,7.0,2.0,10.0,2,57,4.0,
1009,71,2014,7.0,1.0,10.0,2,22,4.0,
1011,71,2014,7.0,1.0,10.0,2,26,3.0,
1012,71,2014,7.0,1.0,10.0,1,83,4.0,
1013,71,2014,7.0,1.0,10.0,1,57,3.0,
1014,71,2014,7.0,1.0,10.0,2,29,3.0,
1015,71,2014,7.0,2.0,10.0,1,90,4.0,
1016,71,2014,7.0,2.0,10.0,1,68,4.0,
1017,71,2014,7.0,2.0,10.0,2,19,3.0,
1018,71,2014,7.0,2.0,10.0,1,25,3.0,
1019,71,2014,7.0,2.0,10.0,2,27,3.0,
1020,71,2014,7.0,2.0,10.0,2,32,4.0,
1021,71,2014,7.0,1.0,10.0,2,48,3.0,
1022,71,2014,7.0,1.0,10.0,1,40,4.0,
1023,71,2014,7.0,1.0,10.0,1,77,4.0,
1024,71,2014,7.0,1.0,10.0,2,51,4.0,
1025,71,2014,7.0,1.0,10.0,2,88,5.0,
1026,71,2014,7.0,1.0,10.0,1,41,4.0,
1028,71,2014,7.0,1.0,10.0,1,23,4.0,
1029,71,2014,7.0,1.0,10.0,2,35,4.0,
1030,71,2014,7.0,1.0,10.0,1,34,4.0,
1031,71,2014,7.0,1.0,10.0,2,68,4.0,
1032,71,2014,7.0,1.0,10.0,2,85,4.0,
1033,71,2014,7.0,1.0,10.0,2,48,4.0,
1034,71,2014,7.0,1.0,10.0,2,85,4.0,
1035,71,2014,7.0,1.0,10.0,1,57,4.0,
1036,71,2014,7.0,1.0,10.0,1,78,4.0,
1037,71,2014,7.0,1.0,10.0,2,56,4.0,
1038,71,2014,7.0,1.0,10.0,1,19,3.0,
1039,71,2014,7.0,2.0,10.0,1,33,4.0,
1040,71,2014,7.0,2.0,10.0,2,41,5.0,
1041,71,2014,7.0,2.0,10.0,1,77,5.0,
1042,71,2014,7.0,2.0,10.0,1,60,4.0,
1043,71,2014,7.0,2.0,10.0,2,23,4.0,
1044,71,2014,7.0,2.0,10.0,1,62,4.0,
1045,71,2014,7.0,1.0,10.0,2,64,4.0,
1046,71,2014,7.0,1.0,10.0,2,24,4.0,
1047,71,2014,7.0,1.0,10.0,2,60,4.0,
1048,71,2014,7.0,1.0,10.0,2,87,5.0,
1050,71,2014,7.0,1.0,10.0,2,19,4.0,
1051,71,2014,7.0,2.0,10.0,2,52,4.0,
1052,71,2014,7.0,2.0,10.0,1,71,4.0,
1053,71,2014,7.0,2.0,10.0,2,62,4.0,
1054,71,2014,7.0,2.0,10.0,1,49,4.0,
1055,71,2014,7.0,2.0,10.0,1,76,4.0,
1056,71,2014,7.0,2.0,10.0,1,58,5.0,
1057,71,2014,7.0,1.0,11.0,2,55,4.0,
1058,71,2014,7.0,1.0,11.0,2,58,4.0,
1059,71,2014,7.0,1.0,11.0,2,75,4.0,
1060,71,2014,7.0,1.0,11.0,1,85,5.0,
1061,71,2014,7.0,1.0,11.0,2,52,3.0,
1062,71,2014,7.0,1.0,11.0,2,25,3.0,
1063,71,2014,7.0,1.0,12.0,2,18,3.0,
1064,71,2014,7.0,1.0,12.0,1,30,3.0,
1065,71,2014,7.0,1.0,12.0,2,47,3.0,
1066,71,2014,7.0,1.0,12.0,2,74,3.0,
1067,71,2014,7.0,1.0,12.0,1,51,3.0,
1068,71,2014,7.0,1.0,12.0,2,39,3.0,
1069,71,2014,7.0,1.0,12.0,2,20,4.0,
1070,71,2014,7.0,1.0,12.0,2,55,3.0,
1071,71,2014,7.0,1.0,12.0,1,26,4.0,
1072,71,2014,7.0,1.0,12.0,1,38,2.0,
1073,71,2014,7.0,1.0,12.0,2,53,3.0,
1074,71,2014,7.0,1.0,12.0,1,24,4.0,
1075,71,2014,7.0,1.0,12.0,1,39,2.0,
1076,71,2014,7.0,1.0,12.0,1,57,3.0,
1077,71,2014,7.0,1.0,12.0,1,37,2.0,
1078,71,2014,7.0,1.0,12.0,2,29,3.0,
1079,71,2014,7.0,1.0,12.0,1,60,3.0,
1080,71,2014,7.0,1.0,12.0,1,20,3.0,
1081,71,2014,7.0,1.0,13.0,1,26,2.0,
1082,71,2014,7.0,1.0,13.0,1,36,2.0,
1085,71,2014,7.0,1.0,13.0,2,33,2.0,
1087,71,2014,7.0,1.0,13.0,2,29,3.0,
1088,71,2014,7.0,1.0,13.0,2,25,2.0,
1089,71,2014,7.0,1.0,13.0,2,20,3.0,
1093,71,2014,7.0,1.0,13.0,1,34,2.0,
1097,71,2014,7.0,1.0,13.0,2,65,3.0,
1100,71,2014,7.0,1.0,13.0,1,64,3.0,
1102,71,2014,7.0,1.0,13.0,1,29,3.0,
1103,71,2014,7.0,1.0,13.0,2,70,4.0,
1104,71,2014,7.0,1.0,13.0,1,72,3.0,
1111,71,2014,7.0,1.0,13.0,2,53,3.0,
1112,71,2014,7.0,1.0,13.0,2,50,3.0,
1113,71,2014,7.0,1.0,13.0,1,75,3.0,
1114,71,2014,7.0,1.0,13.0,1,30,3.0,
1115,71,2014,7.0,1.0,13.0,1,71,3.0,
1116,71,2014,7.0,1.0,13.0,2,52,3.0,
1117,71,2014,7.0,1.0,13.0,1,49,3.0,
1118,71,2014,7.0,1.0,13.0,2,68,3.0,
1119,71,2014,7.0,1.0,13.0,1,32,3.0,
1120,71,2014,7.0,1.0,13.0,2,55,3.0,
1123,71,2014,7.0,1.0,13.0,2,18,4.0,
1125,71,2014,7.0,1.0,13.0,1,22,4.0,
1126,71,2014,7.0,1.0,13.0,1,58,3.0,
1128,71,2014,7.0,1.0,13.0,2,66,3.0,
1129,71,2014,7.0,1.0,13.0,1,53,4.0,
1132,71,2014,7.0,1.0,13.0,2,58,4.0,
1133,71,2014,7.0,1.0,13.0,2,34,3.0,
1137,71,2014,7.0,1.0,13.0,1,20,4.0,
1138,71,2014,7.0,1.0,13.0,1,18,4.0,
1139,71,2014,7.0,1.0,13.0,1,37,4.0,
1140,71,2014,7.0,1.0,13.0,2,31,4.0,
1141,71,2014,7.0,1.0,13.0,1,58,3.0,
1143,71,2014,7.0,1.0,13.0,1,28,4.0,
1146,71,2014,7.0,1.0,13.0,2,40,3.0,
1147,71,2014,7.0,1.0,13.0,2,56,4.0,
1148,71,2014,7.0,1.0,13.0,1,52,4.0,
1150,71,2014,7.0,1.0,13.0,2,34,3.0,
1151,71,2014,7.0,1.0,13.0,1,26,4.0,
1152,71,2014,7.0,1.0,13.0,1,66,3.0,
1154,71,2014,7.0,1.0,13.0,1,23,3.0,
1156,71,2014,7.0,1.0,13.0,2,24,3.0,
1157,71,2014,7.0,1.0,13.0,2,51,3.0,
1158,71,2014,7.0,1.0,13.0,1,50,3.0,
1159,71,2014,7.0,1.0,13.0,1,80,3.0,
1161,71,2014,7.0,1.0,13.0,2,62,3.0,
1162,71,2014,7.0,1.0,13.0,2,81,3.0,
1163,71,2014,7.0,1.0,13.0,1,55,3.0,
1164,71,2014,7.0,1.0,13.0,2,30,3.0,
1166,71,2014,7.0,1.0,13.0,1,63,4.0,
1167,71,2014,7.0,1.0,13.0,1,27,4.0,
1168,71,2014,7.0,1.0,13.0,1,43,4.0,
1169,71,2014,7.0,1.0,13.0,2,45,4.0,
1170,71,2014,7.0,1.0,13.0,2,54,4.0,
1171,71,2014,7.0,1.0,13.0,2,44,2.0,
1173,71,2014,7.0,1.0,13.0,2,65,3.0,
1175,71,2014,7.0,1.0,13.0,1,35,3.0,
1176,71,2014,7.0,1.0,13.0,1,31,3.0,
1177,71,2014,7.0,1.0,13.0,1,62,3.0,
1181,71,2014,7.0,1.0,13.0,2,49,3.0,
1182,71,2014,7.0,1.0,13.0,2,46,3.0,
1183,71,2014,7.0,1.0,13.0,1,37,4.0,
1185,71,2014,7.0,1.0,13.0,1,20,3.0,
1187,71,2014,7.0,1.0,13.0,2,64,4.0,
1189,71,2014,7.0,1.0,13.0,1,66,3.0,
1191,71,2014,7.0,1.0,13.0,1,64,3.0,
1194,71,2014,7.0,1.0,13.0,2,74,3.0,
1195,71,2014,7.0,1.0,13.0,1,66,3.0,
1196,71,2014,7.0,1.0,13.0,2,58,4.0,
1197,71,2014,7.0,1.0,13.0,1,53,4.0,
1198,71,2014,7.0,1.0,13.0,1,53,4.0,
1199,71,2014,7.0,1.0,13.0,1,60,4.0,
1202,71,2014,7.0,1.0,13.0,1,36,4.0,
1205,71,2014,7.0,1.0,13.0,2,25,4.0,
1208,71,2014,7.0,1.0,13.0,2,53,4.0,
1209,71,2014,7.0,1.0,13.0,2,42,3.0,
1211,71,2014,7.0,1.0,13.0,2,59,3.0,
1215,71,2014,7.0,1.0,13.0,2,45,3.0,
1218,71,2014,7.0,1.0,13.0,1,87,3.0,
1219,71,2014,7.0,1.0,13.0,1,75,4.0,
1220,71,2014,7.0,1.0,13.0,2,58,4.0,
1221,71,2014,7.0,1.0,13.0,1,21,4.0,
1223,71,2014,7.0,1.0,13.0,2,30,4.0,
1224,71,2014,7.0,1.0,13.0,1,73,3.0,
1226,71,2014,7.0,1.0,13.0,2,66,3.0,
1227,71,2014,7.0,1.0,13.0,1,34,2.0,
1232,71,2014,7.0,1.0,13.0,2,57,2.0,
1236,71,2014,7.0,1.0,13.0,1,25,3.0,
1238,71,2014,7.0,1.0,13.0,2,41,2.0,
1244,71,2014,7.0,1.0,13.0,2,68,3.0,
1248,71,2014,7.0,1.0,13.0,2,61,3.0,
1250,71,2014,7.0,1.0,13.0,1,35,2.0,
1251,71,2014,7.0,1.0,13.0,2,65,2.0,
1254,71,2014,7.0,1.0,13.0,1,24,3.0,
1255,71,2014,7.0,1.0,13.0,2,34,2.0,
1260,71,2014,7.0,1.0,13.0,1,42,1.0,
1265,71,2014,7.0,1.0,13.0,1,43,2.0,
1266,71,2014,7.0,1.0,13.0,1,40,2.0,
1269,71,2014,7.0,1.0,13.0,2,31,3.0,
1270,71,2014,7.0,1.0,13.0,2,62,3.0,
1272,71,2014,7.0,1.0,13.0,2,24,3.0,
1273,71,2014,7.0,1.0,13.0,2,20,4.0,
1275,71,2014,7.0,1.0,13.0,1,65,4.0,
1276,71,2014,7.0,1.0,13.0,2,39,4.0,
1277,71,2014,7.0,1.0,13.0,2,38,4.0,
1278,71,2014,7.0,1.0,13.0,2,34,4.0,
1279,71,2014,7.0,1.0,13.0,2,83,3.0,
1280,71,2014,7.0,1.0,13.0,2,87,3.0,
1281,71,2014,7.0,1.0,13.0,2,86,3.0,
1285,71,2014,7.0,1.0,13.0,2,34,2.0,
1286,71,2014,7.0,1.0,13.0,2,87,2.0,
1287,71,2014,7.0,1.0,13.0,2,79,3.0,
1288,71,2014,7.0,1.0,13.0,1,61,3.0,
1289,71,2014,7.0,1.0,13.0,2,19,3.0,
1290,71,2014,7.0,1.0,13.0,2,74,3.0,
1293,71,2014,7.0,1.0,13.0,2,41,2.0,
1297,71,2014,7.0,1.0,13.0,2,69,3.0,
1298,71,2014,7.0,1.0,13.0,2,87,4.0,
1299,71,2014,7.0,1.0,13.0,1,65,3.0,
1301,71,2014,7.0,1.0,13.0,2,47,4.0,
1302,71,2014,7.0,1.0,13.0,2,76,3.0,
1303,71,2014,7.0,1.0,13.0,2,77,4.0,
1304,71,2014,7.0,1.0,13.0,1,47,3.0,
1306,71,2014,7.0,1.0,13.0,2,36,4.0,
1308,71,2014,7.0,1.0,13.0,2,60,4.0,
1315,71,2014,7.0,1.0,13.0,2,24,4.0,
1316,71,2014,7.0,1.0,13.0,2,71,4.0,
1317,71,2014,7.0,1.0,13.0,2,42,5.0,
1321,71,2014,7.0,1.0,13.0,1,21,4.0,
1322,71,2014,7.0,1.0,13.0,1,45,4.0,
1323,71,2014,7.0,1.0,13.0,2,31,4.0,
1325,71,2014,7.0,1.0,13.0,2,29,4.0,
1326,71,2014,7.0,1.0,13.0,1,40,4.0,
1327,71,2014,7.0,1.0,13.0,1,63,4.0,
1328,71,2014,7.0,1.0,13.0,2,42,4.0,
1329,71,2014,7.0,1.0,13.0,1,65,4.0,
1331,71,2014,7.0,1.0,13.0,2,55,4.0,
1332,71,2014,7.0,1.0,13.0,1,60,4.0,
1335,71,2014,7.0,1.0,13.0,1,49,1.0,
1336,71,2014,7.0,1.0,13.0,1,29,2.0,
1340,71,2014,7.0,1.0,13.0,2,57,3.0,
1342,71,2014,7.0,1.0,13.0,2,70,3.0,
1343,71,2014,7.0,1.0,13.0,2,18,2.0,
1344,71,2014,7.0,1.0,13.0,2,55,3.0,
1345,71,2014,7.0,1.0,13.0,2,78,4.0,
1346,71,2014,7.0,1.0,13.0,2,31,3.0,
1348,71,2014,7.0,1.0,13.0,1,40,3.0,
1349,71,2014,7.0,1.0,13.0,2,20,4.0,
1350,71,2014,7.0,1.0,13.0,2,50,3.0,
1357,71,2014,7.0,1.0,13.0,2,35,1.0,
1363,71,2014,7.0,1.0,13.0,2,53,2.0,
1368,71,2014,7.0,1.0,13.0,2,62,2.0,
1371,71,2014,7.0,1.0,13.0,2,75,1.0,
1372,71,2014,7.0,1.0,13.0,1,73,1.0,
1373,71,2014,7.0,1.0,13.0,1,42,1.0,
1377,71,2014,7.0,1.0,13.0,1,40,1.0,
1378,71,2014,7.0,1.0,13.0,2,77,2.0,
1380,71,2014,7.0,1.0,13.0,1,25,2.0,
1382,71,2014,7.0,1.0,13.0,1,73,2.0,
1383,71,2014,7.0,1.0,13.0,2,69,2.0,
1386,71,2014,7.0,1.0,13.0,1,66,2.0,
1388,71,2014,7.0,1.0,13.0,2,65,1.0,
1390,71,2014,7.0,1.0,13.0,1,19,1.0,
1402,71,2014,7.0,1.0,13.0,1,25,1.0,
1408,71,2014,7.0,1.0,13.0,1,54,1.0,
1411,71,2014,7.0,1.0,13.0,1,26,2.0,
1412,71,2014,7.0,1.0,13.0,2,78,2.0,
1413,71,2014,7.0,1.0,13.0,2,49,2.0,
1423,71,2014,7.0,1.0,13.0,1,47,3.0,
1424,71,2014,7.0,1.0,13.0,2,43,5.0,
1425,71,2014,7.0,1.0,13.0,1,60,3.0,
1426,71,2014,7.0,1.0,13.0,1,68,2.0,
1427,71,2014,7.0,1.0,13.0,2,43,3.0,
1428,71,2014,7.0,1.0,13.0,2,53,3.0,
1429,71,2014,7.0,1.0,13.0,1,35,1.0,
1441,71,2014,7.0,1.0,13.0,2,21,4.0,
1443,71,2014,7.0,1.0,13.0,1,21,4.0,
1445,71,2014,7.0,1.0,13.0,1,25,4.0,
1446,71,2014,7.0,1.0,13.0,1,25,4.0,
1447,71,2014,7.0,1.0,13.0,2,28,3.0,
1448,71,2014,7.0,1.0,13.0,2,28,4.0,
1449,71,2014,7.0,1.0,13.0,1,58,4.0,
1450,71,2014,7.0,1.0,13.0,2,50,4.0,
1451,71,2014,7.0,1.0,13.0,1,54,4.0,
1454,71,2014,7.0,1.0,13.0,1,47,3.0,
1455,71,2014,7.0,1.0,13.0,1,38,3.0,
1457,71,2014,7.0,1.0,13.0,2,72,3.0,
1458,71,2014,7.0,1.0,13.0,2,44,4.0,
1459,71,2014,7.0,1.0,13.0,2,48,5.0,
1460,71,2014,7.0,1.0,13.0,2,36,5.0,
1461,71,2014,7.0,1.0,13.0,2,29,4.0,
1462,71,2014,7.0,1.0,13.0,1,46,3.0,
1463,71,2014,7.0,1.0,13.0,2,49,4.0,
1464,71,2014,7.0,1.0,13.0,1,30,3.0,
1465,71,2014,7.0,1.0,13.0,2,82,3.0,
1466,71,2014,7.0,1.0,13.0,2,62,3.0,
1467,71,2014,7.0,1.0,13.0,1,59,4.0,
1468,71,2014,7.0,1.0,13.0,1,36,4.0,
1470,71,2014,7.0,1.0,13.0,1,56,3.0,
1471,71,2014,7.0,1.0,13.0,1,52,3.0,
1472,71,2014,7.0,1.0,13.0,2,38,2.0,
1473,71,2014,7.0,1.0,13.0,1,32,3.0,
1475,71,2014,7.0,1.0,13.0,1,65,4.0,
1479,71,2014,7.0,1.0,13.0,1,28,2.0,
1481,71,2014,7.0,1.0,13.0,2,57,3.0,
1482,71,2014,7.0,1.0,13.0,2,74,4.0,
1485,71,2014,7.0,1.0,13.0,2,56,2.0,
1487,71,2014,7.0,1.0,13.0,1,69,2.0,
1488,71,2014,7.0,1.0,13.0,1,70,2.0,
1490,71,2014,7.0,1.0,13.0,1,24,2.0,
1491,71,2014,7.0,1.0,13.0,2,23,4.0,
1493,71,2014,7.0,1.0,13.0,2,53,4.0,
1494,71,2014,7.0,1.0,13.0,2,57,3.0,
1495,71,2014,7.0,1.0,13.0,1,33,4.0,
1496,71,2014,7.0,1.0,13.0,2,23,4.0,
1497,71,2014,7.0,1.0,13.0,2,54,4.0,
1498,71,2014,7.0,1.0,13.0,1,34,4.0,
1499,71,2014,7.0,1.0,13.0,1,19,4.0,
1500,71,2014,7.0,1.0,13.0,1,67,4.0,
1502,71,2014,7.0,1.0,13.0,2,28,3.0,
1504,71,2014,7.0,1.0,13.0,2,54,4.0,
1505,71,2014,7.0,1.0,13.0,2,27,4.0,
1506,71,2014,7.0,1.0,13.0,2,76,5.0,
1507,71,2014,7.0,1.0,13.0,2,63,4.0,
1509,71,2014,7.0,1.0,13.0,1,52,4.0,
1510,71,2014,7.0,1.0,13.0,1,30,4.0,
1512,71,2014,7.0,1.0,13.0,1,26,3.0,
1513,71,2014,7.0,1.0,13.0,2,28,3.0,
1514,71,2014,7.0,1.0,13.0,2,45,3.0,
1515,71,2014,7.0,1.0,13.0,2,51,3.0,
1516,71,2014,7.0,1.0,13.0,1,32,3.0,
1517,71,2014,7.0,1.0,13.0,2,40,4.0,
1523,71,2014,7.0,1.0,13.0,2,50,3.0,
1525,71,2014,7.0,1.0,13.0,1,23,3.0,
1526,71,2014,7.0,1.0,13.0,1,21,4.0,
1527,71,2014,7.0,1.0,13.0,1,49,2.0,
1528,71,2014,7.0,1.0,13.0,2,59,4.0,
1529,71,2014,7.0,1.0,13.0,1,18,2.0,
1531,71,2014,7.0,1.0,13.0,2,71,3.0,
1532,71,2014,7.0,1.0,13.0,2,54,3.0,
1533,71,2014,7.0,1.0,13.0,2,21,3.0,
1534,71,2014,7.0,1.0,13.0,1,44,3.0,
1535,71,2014,7.0,1.0,13.0,2,51,3.0,
1536,71,2014,7.0,1.0,13.0,2,22,3.0,
1537,71,2014,7.0,1.0,13.0,2,20,2.0,
1539,71,2014,7.0,1.0,13.0,2,46,1.0,
1540,71,2014,7.0,1.0,13.0,2,22,4.0,
1543,71,2014,7.0,1.0,13.0,2,67,3.0,
1545,71,2014,7.0,1.0,13.0,1,42,2.0,
1548,71,2014,7.0,1.0,13.0,1,42,2.0,
1549,71,2014,7.0,1.0,13.0,2,61,3.0,
1550,71,2014,7.0,1.0,13.0,1,54,3.0,
1551,71,2014,7.0,1.0,13.0,1,56,3.0,
1552,71,2014,7.0,1.0,13.0,2,55,2.0,
1553,71,2014,7.0,1.0,13.0,1,27,3.0,
1554,71,2014,7.0,1.0,13.0,1,53,3.0,
1555,71,2014,7.0,1.0,13.0,1,27,1.0,
1556,71,2014,7.0,1.0,13.0,2,60,1.0,
1557,71,2014,7.0,1.0,13.0,2,65,1.0,
1558,71,2014,7.0,1.0,13.0,2,70,1.0,
1563,71,2014,7.0,1.0,13.0,1,28,1.0,
1566,71,2014,7.0,1.0,13.0,1,42,1.0,
1570,71,2014,7.0,1.0,13.0,2,84,4.0,
1571,71,2014,7.0,1.0,13.0,2,63,2.0,
1572,71,2014,7.0,1.0,13.0,2,25,4.0,
1574,71,2014,7.0,1.0,13.0,2,75,2.0,
1576,71,2014,7.0,1.0,13.0,1,34,2.0,
1577,71,2014,7.0,1.0,13.0,1,50,3.0,
1580,71,2014,7.0,1.0,13.0,1,73,4.0,
1581,71,2014,7.0,1.0,13.0,1,41,2.0,
1585,71,2014,7.0,1.0,13.0,2,23,3.0,
1587,71,2014,7.0,1.0,13.0,1,27,3.0,
1588,71,2014,7.0,1.0,13.0,1,59,4.0,
1589,71,2014,7.0,1.0,13.0,2,30,3.0,
1590,71,2014,7.0,1.0,13.0,2,27,3.0,
1591,71,2014,7.0,1.0,13.0,1,32,3.0,
1592,71,2014,7.0,1.0,13.0,1,48,3.0,
1593,71,2014,7.0,1.0,13.0,2,31,3.0,
1594,71,2014,7.0,1.0,13.0,2,43,3.0,
1595,71,2014,7.0,1.0,13.0,2,72,3.0,
1596,71,2014,7.0,1.0,13.0,2,32,3.0,
1597,71,2014,7.0,1.0,13.0,1,28,3.0,
1598,71,2014,7.0,1.0,13.0,2,62,3.0,
1600,71,2014,7.0,1.0,13.0,2,65,4.0,
1601,71,2014,7.0,1.0,13.0,1,23,4.0,
1602,71,2014,7.0,1.0,13.0,2,83,3.0,
1604,71,2014,7.0,1.0,13.0,1,74,3.0,
1606,71,2014,7.0,1.0,13.0,2,22,4.0,
1607,71,2014,7.0,1.0,13.0,2,32,4.0,
1608,71,2014,7.0,1.0,13.0,2,45,3.0,
1615,71,2014,7.0,1.0,13.0,2,47,3.0,
1616,71,2014,7.0,1.0,13.0,2,48,4.0,
1619,71,2014,7.0,1.0,13.0,2,27,3.0,
1620,71,2014,7.0,1.0,13.0,1,34,3.0,
1622,71,2014,7.0,1.0,13.0,2,20,3.0,
1623,71,2014,7.0,1.0,13.0,2,23,3.0,
1624,71,2014,7.0,1.0,13.0,2,26,4.0,
1625,71,2014,7.0,1.0,13.0,1,66,4.0,
1626,71,2014,7.0,1.0,13.0,1,51,3.0,
1657,71,2014,7.0,1.0,13.0,2,59,2.0,
1658,71,2014,7.0,1.0,13.0,2,75,2.0,
1660,71,2014,7.0,1.0,13.0,1,28,2.0,
1662,71,2014,7.0,1.0,13.0,1,38,2.0,
1663,71,2014,7.0,1.0,13.0,1,33,4.0,
1664,71,2014,7.0,1.0,13.0,2,51,3.0,
1666,71,2014,7.0,1.0,13.0,1,60,3.0,
1668,71,2014,7.0,1.0,13.0,2,60,3.0,
1669,71,2014,7.0,1.0,13.0,1,70,4.0,
1670,71,2014,7.0,1.0,13.0,1,45,4.0,
1673,71,2014,7.0,1.0,13.0,1,70,4.0,
1675,71,2014,7.0,1.0,13.0,2,21,3.0,
1677,71,2014,7.0,1.0,13.0,2,20,3.0,
1679,71,2014,7.0,1.0,13.0,1,66,3.0,
1680,71,2014,7.0,1.0,13.0,2,57,4.0,
1681,71,2014,7.0,1.0,13.0,2,50,4.0,
1682,71,2014,7.0,1.0,13.0,2,23,3.0,
1686,71,2014,7.0,1.0,13.0,1,40,4.0,
1687,71,2014,7.0,2.0,13.0,1,62,5.0,
1688,71,2014,7.0,2.0,13.0,1,57,5.0,
1689,71,2014,7.0,2.0,13.0,1,57,4.0,
1690,71,2014,7.0,2.0,13.0,1,83,4.0,
1691,71,2014,7.0,2.0,13.0,2,65,4.0,
1692,71,2014,7.0,2.0,13.0,2,53,4.0,
1693,71,2014,7.0,1.0,13.0,1,41,3.0,
1694,71,2014,7.0,1.0,13.0,2,35,3.0,
1698,71,2014,7.0,1.0,13.0,2,47,4.0,
1699,71,2014,7.0,1.0,13.0,1,45,3.0,
1700,71,2014,7.0,1.0,13.0,1,33,3.0,
1701,71,2014,7.0,1.0,13.0,1,27,3.0,
1702,71,2014,7.0,1.0,13.0,2,39,3.0,
1704,71,2014,7.0,1.0,13.0,1,47,3.0,
1706,71,2014,7.0,1.0,13.0,1,22,3.0,
1708,71,2014,7.0,1.0,13.0,1,18,3.0,
1709,71,2014,7.0,1.0,13.0,1,60,3.0,
1711,71,2014,7.0,1.0,13.0,2,24,3.0,
1713,71,2014,7.0,1.0,13.0,2,38,3.0,
1717,71,2014,7.0,1.0,13.0,1,28,3.0,
1719,71,2014,7.0,1.0,13.0,2,62,4.0,
1720,71,2014,7.0,1.0,13.0,2,18,4.0,
1721,71,2014,7.0,1.0,13.0,1,63,2.0,
1722,71,2014,7.0,1.0,13.0,2,69,4.0,
1723,71,2014,7.0,1.0,13.0,2,25,4.0,
1724,71,2014,7.0,1.0,13.0,1,24,3.0,
1725,71,2014,7.0,1.0,13.0,1,27,4.0,
1727,71,2014,7.0,1.0,13.0,2,42,4.0,
1729,71,2014,7.0,1.0,13.0,2,52,3.0,
1730,71,2014,7.0,1.0,13.0,1,46,4.0,
1731,71,2014,7.0,1.0,13.0,2,24,4.0,
1732,71,2014,7.0,1.0,13.0,1,48,3.0,
1733,71,2014,7.0,1.0,13.0,1,67,4.0,
1734,71,2014,7.0,1.0,13.0,2,81,5.0,
1740,71,2014,7.0,1.0,13.0,2,29,3.0,
1742,71,2014,7.0,1.0,13.0,2,24,3.0,
1743,71,2014,7.0,1.0,13.0,2,56,3.0,
1744,71,2014,7.0,1.0,13.0,2,38,3.0,
1749,71,2014,7.0,1.0,13.0,1,56,4.0,
1751,71,2014,7.0,1.0,13.0,2,72,4.0,
1752,71,2014,7.0,1.0,13.0,2,64,4.0,
1753,71,2014,7.0,1.0,13.0,1,69,4.0,
1754,71,2014,7.0,1.0,13.0,1,36,4.0,
1756,71,2014,7.0,1.0,13.0,2,43,4.0,
1757,71,2014,7.0,1.0,13.0,2,65,4.0,
1759,71,2014,7.0,1.0,13.0,1,24,4.0,
1761,71,2014,7.0,1.0,13.0,2,33,4.0,
1763,71,2014,7.0,1.0,13.0,2,45,3.0,
1765,71,2014,7.0,1.0,13.0,2,49,4.0,
1766,71,2014,7.0,1.0,13.0,2,41,4.0,
1767,71,2014,7.0,1.0,13.0,2,20,4.0,
1769,71,2014,7.0,1.0,13.0,1,37,4.0,
1772,71,2014,7.0,1.0,13.0,1,50,2.0,
1773,71,2014,7.0,1.0,13.0,1,34,3.0,
1775,71,2014,7.0,1.0,13.0,1,25,3.0,
1776,71,2014,7.0,1.0,13.0,2,28,3.0,
1777,71,2014,7.0,1.0,13.0,2,35,3.0,
1779,71,2014,7.0,1.0,13.0,2,19,3.0,
1780,71,2014,7.0,1.0,13.0,1,55,4.0,
1783,71,2014,7.0,1.0,13.0,1,55,3.0,
1784,71,2014,7.0,1.0,13.0,2,65,3.0,
1785,71,2014,7.0,1.0,13.0,2,40,3.0,
1787,71,2014,7.0,1.0,13.0,2,42,3.0,
1788,71,2014,7.0,1.0,13.0,2,37,3.0,
1791,71,2014,7.0,1.0,13.0,2,40,3.0,
1793,71,2014,7.0,1.0,13.0,1,37,1.0,
1796,71,2014,7.0,1.0,13.0,2,75,3.0,
1797,71,2014,7.0,1.0,13.0,2,52,3.0,
1798,71,2014,7.0,1.0,13.0,1,78,4.0,
1800,71,2014,7.0,1.0,13.0,2,85,4.0,
1801,71,2014,8.0,1.0,13.0,2,46,4.0,
1802,71,2014,7.0,1.0,13.0,2,82,4.0,
1803,71,2014,7.0,1.0,13.0,2,74,4.0,
1804,71,2014,7.0,1.0,13.0,2,39,4.0,
1805,71,2014,8.0,1.0,13.0,2,35,4.0,
1806,71,2014,7.0,1.0,13.0,2,75,4.0,
1811,71,2014,7.0,1.0,13.0,1,70,1.0,
1819,71,2014,7.0,1.0,13.0,2,33,2.0,
1821,71,2014,7.0,1.0,13.0,1,50,1.0,
1826,71,2014,7.0,1.0,13.0,2,30,2.0,
1831,71,2014,7.0,1.0,13.0,1,54,1.0,
1832,71,2014,7.0,1.0,13.0,2,32,3.0,
1834,71,2014,7.0,1.0,13.0,1,40,2.0,
1836,71,2014,7.0,1.0,13.0,1,59,3.0,
1837,71,2014,7.0,1.0,13.0,1,38,2.0,
1838,71,2014,7.0,1.0,13.0,1,49,3.0,
1839,71,2014,7.0,1.0,13.0,2,26,3.0,
1841,71,2014,7.0,1.0,13.0,1,23,3.0,
1842,71,2014,7.0,1.0,13.0,1,21,3.0,
1843,71,2014,7.0,1.0,13.0,1,24,4.0,
1845,71,2014,7.0,1.0,13.0,1,24,4.0,
1847,71,2014,7.0,1.0,13.0,2,18,4.0,
1848,71,2014,7.0,1.0,13.0,1,48,4.0,
1849,71,2014,7.0,1.0,13.0,2,20,4.0,
1850,71,2014,7.0,1.0,13.0,2,18,2.0,
1851,71,2014,7.0,1.0,13.0,2,28,3.0,
1853,71,2014,7.0,1.0,13.0,2,50,4.0,
1854,71,2014,7.0,1.0,13.0,2,44,4.0,
1856,71,2014,7.0,1.0,13.0,1,19,3.0,
1857,71,2014,7.0,1.0,13.0,1,40,3.0,
1858,71,2014,7.0,1.0,13.0,1,22,3.0,
1859,71,2014,7.0,1.0,13.0,2,58,3.0,
1860,71,2014,7.0,1.0,13.0,1,51,3.0,
1862,71,2014,7.0,1.0,13.0,2,41,3.0,
1863,71,2014,7.0,1.0,13.0,1,41,2.0,
1864,71,2014,7.0,1.0,13.0,1,20,4.0,
1865,71,2014,7.0,1.0,13.0,2,49,3.0,
1867,71,2014,7.0,1.0,13.0,2,19,3.0,
1868,71,2014,7.0,1.0,13.0,2,46,3.0,
1869,71,2014,7.0,1.0,13.0,1,18,3.0,
1870,71,2014,7.0,1.0,13.0,2,70,3.0,
1871,71,2014,7.0,1.0,13.0,2,67,2.0,
1872,71,2014,7.0,1.0,13.0,1,29,3.0,
1873,71,2014,7.0,1.0,13.0,1,21,3.0,
1876,71,2014,7.0,1.0,13.0,1,75,4.0,
1878,71,2014,7.0,1.0,13.0,1,76,3.0,
1879,71,2014,7.0,1.0,13.0,2,65,3.0,
1881,71,2014,7.0,1.0,13.0,1,53,3.0,
1885,71,2014,7.0,1.0,13.0,2,24,4.0,
1886,71,2014,7.0,1.0,13.0,2,33,4.0,
1887,71,2014,7.0,1.0,13.0,2,61,4.0,
1889,71,2014,7.0,1.0,13.0,2,23,4.0,
1890,71,2014,7.0,1.0,13.0,1,68,4.0,
1891,71,2014,7.0,1.0,13.0,2,77,4.0,
1892,71,2014,7.0,1.0,13.0,2,49,4.0,
1894,71,2014,7.0,1.0,13.0,1,27,4.0,
1895,71,2014,7.0,1.0,13.0,2,27,4.0,
1897,71,2014,7.0,2.0,13.0,1,55,4.0,
1898,71,2014,7.0,2.0,13.0,2,70,4.0,
1899,71,2014,7.0,2.0,13.0,2,62,3.0,
1900,71,2014,7.0,2.0,13.0,1,60,3.0,
1901,71,2014,7.0,2.0,13.0,1,70,3.0,
1902,71,2014,7.0,2.0,13.0,2,69,3.0,
1903,71,2014,7.0,1.0,13.0,2,73,3.0,
1904,71,2014,7.0,1.0,13.0,1,47,3.0,
1905,71,2014,7.0,1.0,13.0,2,21,3.0,
1906,71,2014,7.0,1.0,13.0,1,38,3.0,
1907,71,2014,7.0,1.0,13.0,1,86,3.0,
1908,71,2014,8.0,1.0,13.0,1,45,2.0,
1909,71,2014,7.0,1.0,13.0,1,54,4.0,
1910,71,2014,7.0,1.0,13.0,1,47,3.0,
1911,71,2014,8.0,1.0,13.0,2,34,4.0,
1912,71,2014,7.0,1.0,13.0,1,49,4.0,
1913,71,2014,7.0,1.0,13.0,1,87,4.0,
1914,71,2014,7.0,1.0,13.0,2,52,4.0,
1915,71,2014,7.0,1.0,13.0,2,39,4.0,
1916,71,2014,7.0,1.0,13.0,1,22,4.0,
1917,71,2014,7.0,1.0,13.0,2,62,4.0,
1918,71,2014,7.0,1.0,13.0,1,57,4.0,
1919,71,2014,7.0,1.0,13.0,2,25,3.0,
1920,71,2014,7.0,1.0,13.0,2,21,3.0,
1921,71,2014,7.0,1.0,13.0,2,21,2.0,
1922,71,2014,7.0,1.0,13.0,2,48,2.0,
1923,71,2014,7.0,1.0,13.0,2,41,2.0,
1924,71,2014,8.0,1.0,13.0,2,38,2.0,
1925,71,2014,7.0,1.0,13.0,2,42,2.0,
1926,71,2014,8.0,1.0,13.0,2,33,2.0,
1927,71,2014,7.0,1.0,13.0,2,42,3.0,
1928,71,2014,7.0,1.0,13.0,2,26,3.0,
1929,71,2014,7.0,1.0,13.0,1,43,3.0,
1930,71,2014,7.0,1.0,13.0,2,53,3.0,
1931,71,2014,7.0,1.0,13.0,2,37,3.0,
1935,71,2014,7.0,1.0,13.0,1,54,3.0,
1936,71,2014,7.0,1.0,13.0,2,21,2.0,
1937,71,2014,7.0,1.0,13.0,2,54,4.0,
1938,71,2014,7.0,1.0,13.0,2,43,3.0,
1939,71,2014,7.0,1.0,13.0,2,40,3.0,
1941,71,2014,7.0,1.0,13.0,2,47,2.0,
1944,71,2014,7.0,1.0,13.0,2,51,3.0,
1945,71,2014,7.0,1.0,13.0,1,27,3.0,
1946,71,2014,7.0,1.0,13.0,2,42,3.0,
1947,71,2014,7.0,1.0,13.0,2,33,3.0,
1948,71,2014,7.0,1.0,13.0,1,62,3.0,
1949,71,2014,7.0,1.0,13.0,2,51,4.0,
1951,71,2014,7.0,1.0,13.0,1,46,3.0,
1952,71,2014,7.0,1.0,13.0,2,75,4.0,
1953,71,2014,7.0,1.0,13.0,2,46,5.0,
1954,71,2014,7.0,1.0,13.0,2,61,4.0,
1955,71,2014,7.0,1.0,13.0,2,36,4.0,
1957,71,2014,7.0,2.0,13.0,1,44,3.0,
1958,71,2014,7.0,2.0,13.0,1,37,4.0,
1959,71,2014,7.0,2.0,13.0,2,80,5.0,
1960,71,2014,7.0,2.0,13.0,1,76,5.0,
1961,71,2014,7.0,2.0,13.0,1,78,5.0,
1962,71,2014,7.0,2.0,13.0,2,56,5.0,
1963,71,2014,7.0,2.0,13.0,2,79,4.0,
1964,71,2014,7.0,2.0,13.0,1,77,4.0,
1965,71,2014,7.0,2.0,13.0,2,71,3.0,
1966,71,2014,7.0,2.0,13.0,1,64,3.0,
1967,71,2014,7.0,2.0,13.0,1,67,5.0,
1968,71,2014,7.0,2.0,13.0,1,58,4.0,
1969,71,2014,7.0,1.0,13.0,1,52,3.0,
1970,71,2014,7.0,1.0,13.0,2,21,3.0,
1971,71,2014,7.0,1.0,13.0,1,69,3.0,
1972,71,2014,7.0,1.0,13.0,1,52,3.0,
1973,71,2014,7.0,1.0,13.0,2,85,4.0,
1975,71,2014,7.0,1.0,13.0,1,34,3.0,
1977,71,2014,7.0,1.0,13.0,1,59,2.0,
1978,71,2014,7.0,1.0,13.0,2,35,3.0,
1979,71,2014,7.0,1.0,13.0,2,29,3.0,
1980,71,2014,7.0,1.0,13.0,2,21,3.0,
1981,71,2014,7.0,1.0,13.0,1,18,2.0,
1983,71,2014,7.0,1.0,13.0,1,46,2.0,
1985,71,2014,7.0,1.0,13.0,2,43,2.0,
1989,71,2014,7.0,1.0,13.0,2,59,3.0,
1990,71,2014,7.0,1.0,13.0,1,76,3.0,
1991,71,2014,7.0,1.0,13.0,1,50,3.0,
1992,71,2014,7.0,1.0,13.0,2,56,3.0,
3,73,2015,4.0,1.0,15.0,2,46,3.0,
8,73,2015,4.0,1.0,15.0,2,51,3.0,
13,73,2015,4.0,1.0,15.0,2,32,4.0,
14,73,2015,4.0,1.0,15.0,1,23,3.0,
21,73,2015,4.0,1.0,15.0,2,82,3.0,
22,73,2015,4.0,1.0,15.0,2,22,3.0,
27,73,2015,4.0,1.0,1.0,2,41,3.0,
30,73,2015,4.0,1.0,1.0,1,31,3.0,
42,73,2015,4.0,1.0,1.0,1,54,1.0,
46,73,2015,4.0,1.0,1.0,2,24,3.0,
114,73,2015,4.0,1.0,2.0,2,28,2.0,
151,73,2015,4.0,1.0,4.0,2,25,4.0,
161,73,2015,4.0,1.0,4.0,2,73,4.0,
163,73,2015,4.0,1.0,4.0,1,43,3.0,
171,73,2015,4.0,2.0,4.0,1,53,4.0,
173,73,2015,4.0,2.0,4.0,2,61,4.0,
184,73,2015,4.0,1.0,4.0,1,48,3.0,
190,73,2015,4.0,2.0,4.0,2,65,4.0,
202,73,2015,4.0,1.0,4.0,2,50,4.0,
204,73,2015,4.0,1.0,4.0,1,27,4.0,
205,73,2015,4.0,2.0,4.0,1,38,4.0,
229,73,2015,4.0,1.0,5.0,2,66,4.0,
234,73,2015,4.0,1.0,5.0,2,68,3.0,
245,73,2015,4.0,1.0,5.0,2,64,3.0,
250,73,2015,4.0,2.0,5.0,2,36,3.0,
252,73,2015,4.0,2.0,5.0,1,52,4.0,
255,73,2015,4.0,1.0,5.0,2,87,3.0,
256,73,2015,4.0,1.0,5.0,2,78,3.0,
258,73,2015,4.0,1.0,5.0,2,36,3.0,
261,73,2015,4.0,1.0,5.0,2,20,2.0,
268,73,2015,4.0,1.0,5.0,2,60,3.0,
271,73,2015,4.0,1.0,5.0,2,54,3.0,
278,73,2015,4.0,1.0,5.0,1,28,3.0,
279,73,2015,4.0,1.0,5.0,2,43,3.0,
280,73,2015,5.0,1.0,5.0,2,24,3.0,
281,73,2015,4.0,1.0,5.0,1,63,3.0,
282,73,2015,5.0,1.0,5.0,1,68,2.0,
285,73,2015,4.0,1.0,5.0,1,61,3.0,
286,73,2015,4.0,1.0,5.0,1,51,2.0,
289,73,2015,4.0,1.0,5.0,2,83,3.0,
290,73,2015,4.0,1.0,5.0,2,43,3.0,
291,73,2015,4.0,1.0,5.0,1,28,4.0,
292,73,2015,4.0,1.0,5.0,2,44,3.0,
302,73,2015,4.0,1.0,5.0,1,49,3.0,
304,73,2015,4.0,1.0,5.0,2,36,3.0,
314,73,2015,4.0,1.0,5.0,2,35,3.0,
321,73,2015,4.0,1.0,5.0,2,34,3.0,
340,73,2015,4.0,1.0,5.0,2,29,4.0,
348,73,2015,4.0,1.0,5.0,2,68,4.0,
354,73,2015,4.0,1.0,5.0,2,46,2.0,
362,73,2015,4.0,1.0,5.0,2,18,4.0,
368,73,2015,4.0,1.0,5.0,1,27,4.0,
373,73,2015,4.0,1.0,5.0,1,25,3.0,
377,73,2015,4.0,1.0,5.0,2,54,4.0,
384,73,2015,4.0,1.0,5.0,1,25,4.0,
397,73,2015,4.0,1.0,5.0,1,40,4.0,
398,73,2015,4.0,1.0,5.0,2,61,3.0,
404,73,2015,4.0,1.0,5.0,1,53,3.0,
408,73,2015,4.0,1.0,5.0,1,68,2.0,
413,73,2015,4.0,1.0,6.0,1,37,3.0,
433,73,2015,4.0,2.0,6.0,2,57,4.0,
443,73,2015,4.0,1.0,6.0,2,60,4.0,
444,73,2015,4.0,1.0,6.0,2,30,3.0,
453,73,2015,4.0,2.0,6.0,1,82,4.0,
455,73,2015,4.0,2.0,6.0,2,52,4.0,
466,73,2015,4.0,1.0,6.0,1,65,3.0,
469,73,2015,4.0,1.0,6.0,1,82,3.0,
470,73,2015,4.0,1.0,6.0,2,62,2.0,
487,73,2015,4.0,1.0,6.0,2,47,2.0,
489,73,2015,4.0,1.0,6.0,2,74,4.0,
497,73,2015,4.0,2.0,6.0,1,26,4.0,
498,73,2015,4.0,2.0,6.0,2,20,4.0,
501,73,2015,4.0,1.0,6.0,2,63,3.0,
508,73,2015,4.0,1.0,7.0,1,73,4.0,
515,73,2015,4.0,1.0,7.0,2,38,1.0,
517,73,2015,4.0,1.0,7.0,1,67,3.0,
520,73,2015,4.0,1.0,7.0,2,65,3.0,
532,73,2015,4.0,1.0,7.0,2,24,2.0,
544,73,2015,4.0,2.0,7.0,1,77,4.0,
545,73,2015,4.0,2.0,7.0,1,27,4.0,
549,73,2015,4.0,1.0,7.0,1,69,4.0,
550,73,2015,4.0,1.0,7.0,2,74,4.0,
558,73,2015,4.0,1.0,7.0,2,52,4.0,
566,73,2015,4.0,1.0,7.0,1,70,3.0,
576,73,2015,4.0,1.0,7.0,2,57,3.0,
584,73,2015,4.0,1.0,7.0,1,65,3.0,
588,73,2015,4.0,1.0,7.0,1,69,4.0,
601,73,2015,4.0,2.0,7.0,1,47,4.0,
602,73,2015,4.0,2.0,7.0,1,53,4.0,
613,73,2015,4.0,1.0,8.0,2,34,3.0,
653,73,2015,4.0,1.0,8.0,2,43,4.0,
674,73,2015,4.0,1.0,8.0,1,32,3.0,
683,73,2015,4.0,1.0,8.0,1,59,4.0,
729,73,2015,4.0,1.0,8.0,2,57,4.0,
731,73,2015,4.0,1.0,8.0,1,78,4.0,
733,73,2015,4.0,1.0,8.0,2,50,4.0,
737,73,2015,4.0,1.0,8.0,2,48,4.0,
745,73,2015,4.0,2.0,8.0,1,42,3.0,
759,73,2015,4.0,1.0,8.0,2,77,4.0,
771,73,2015,4.0,1.0,8.0,1,52,4.0,
772,73,2015,4.0,1.0,8.0,2,31,4.0,
775,73,2015,4.0,2.0,8.0,2,53,3.0,
776,73,2015,4.0,2.0,8.0,2,32,3.0,
780,73,2015,4.0,2.0,8.0,2,57,4.0,
783,73,2015,4.0,1.0,8.0,2,32,2.0,
790,73,2015,4.0,1.0,8.0,2,69,4.0,
792,73,2015,4.0,1.0,8.0,2,73,4.0,
807,73,2015,4.0,1.0,8.0,2,69,3.0,
820,73,2015,4.0,2.0,8.0,2,37,3.0,
824,73,2015,4.0,1.0,8.0,2,83,3.0,
828,73,2015,4.0,1.0,8.0,2,32,3.0,
829,73,2015,4.0,2.0,8.0,2,40,3.0,
831,73,2015,4.0,2.0,8.0,1,48,3.0,
839,73,2015,4.0,1.0,9.0,2,21,4.0,
847,73,2015,4.0,1.0,9.0,2,28,3.0,
862,73,2015,4.0,1.0,9.0,2,52,3.0,
887,73,2015,4.0,1.0,9.0,1,47,4.0,
959,73,2015,4.0,1.0,14.0,2,37,3.0,
968,73,2015,4.0,1.0,14.0,1,68,4.0,
970,73,2015,4.0,1.0,14.0,2,80,4.0,
977,73,2015,4.0,2.0,14.0,2,18,4.0,
978,73,2015,4.0,2.0,14.0,1,31,4.0,
1010,73,2015,4.0,1.0,10.0,1,62,4.0,
1027,73,2015,4.0,1.0,10.0,2,26,2.0,
1049,73,2015,4.0,1.0,10.0,2,42,2.0,
1083,73,2015,4.0,1.0,12.0,2,50,2.0,
1084,73,2015,4.0,1.0,12.0,1,87,4.0,
1086,73,2015,4.0,1.0,12.0,1,20,3.0,
1090,73,2015,4.0,1.0,12.0,1,47,3.0,
1091,73,2015,4.0,1.0,12.0,2,32,2.0,
1092,73,2015,4.0,1.0,12.0,2,33,2.0,
1095,73,2015,4.0,1.0,12.0,2,25,3.0,
1098,73,2015,4.0,1.0,12.0,1,80,4.0,
1099,73,2015,4.0,1.0,13.0,2,55,3.0,
1101,73,2015,4.0,1.0,13.0,2,47,3.0,
1106,73,2015,4.0,1.0,13.0,2,46,3.0,
1107,73,2015,4.0,1.0,13.0,2,36,4.0,
1108,73,2015,4.0,1.0,13.0,2,34,3.0,
1109,73,2015,4.0,1.0,13.0,1,51,3.0,
1110,73,2015,4.0,1.0,13.0,1,55,4.0,
1121,73,2015,4.0,1.0,13.0,2,24,4.0,
1130,73,2015,4.0,1.0,13.0,2,65,2.0,
1131,73,2015,4.0,1.0,13.0,1,18,3.0,
1134,73,2015,4.0,1.0,13.0,2,45,4.0,
1136,73,2015,4.0,1.0,13.0,2,28,4.0,
1142,73,2015,4.0,1.0,13.0,2,47,3.0,
1149,73,2015,4.0,1.0,13.0,2,67,4.0,
1153,73,2015,4.0,1.0,13.0,2,57,4.0,
1165,73,2015,4.0,1.0,13.0,1,74,3.0,
1172,73,2015,4.0,1.0,13.0,1,34,3.0,
1174,73,2015,4.0,1.0,13.0,1,57,4.0,
1179,73,2015,4.0,1.0,13.0,2,43,2.0,
1180,73,2015,4.0,1.0,13.0,2,43,3.0,
1184,73,2015,4.0,1.0,13.0,2,28,3.0,
1186,73,2015,4.0,1.0,13.0,2,21,4.0,
1188,73,2015,4.0,1.0,13.0,1,52,4.0,
1190,73,2015,4.0,1.0,13.0,1,71,2.0,
1192,73,2015,4.0,1.0,13.0,2,60,2.0,
1193,73,2015,4.0,1.0,13.0,2,33,2.0,
1200,73,2015,4.0,1.0,13.0,2,42,3.0,
1201,73,2015,4.0,1.0,13.0,2,51,4.0,
1203,73,2015,4.0,1.0,13.0,1,40,4.0,
1204,73,2015,4.0,1.0,13.0,1,34,4.0,
1206,73,2015,4.0,1.0,13.0,2,70,4.0,
1207,73,2015,4.0,1.0,13.0,2,69,3.0,
1212,73,2015,4.0,1.0,13.0,2,46,4.0,
1213,73,2015,4.0,1.0,13.0,1,60,2.0,
1214,73,2015,4.0,1.0,13.0,2,36,2.0,
1217,73,2015,4.0,1.0,13.0,1,77,3.0,
1222,73,2015,4.0,1.0,13.0,2,19,4.0,
1228,73,2015,5.0,1.0,13.0,1,30,4.0,
1229,73,2015,4.0,1.0,13.0,2,39,4.0,
1233,73,2015,4.0,1.0,13.0,2,65,4.0,
1234,73,2015,4.0,1.0,13.0,2,69,4.0,
1235,73,2015,4.0,1.0,13.0,1,58,4.0,
1237,73,2015,4.0,1.0,13.0,2,39,3.0,
1239,73,2015,4.0,1.0,13.0,1,44,3.0,
1241,73,2015,4.0,1.0,13.0,2,95,2.0,
1243,73,2015,4.0,1.0,13.0,1,46,3.0,
1246,73,2015,4.0,1.0,13.0,2,54,3.0,
1247,73,2015,4.0,1.0,13.0,2,84,3.0,
1249,73,2015,4.0,1.0,13.0,1,65,3.0,
1253,73,2015,4.0,1.0,13.0,2,80,3.0,
1256,73,2015,4.0,1.0,13.0,2,49,4.0,
1258,73,2015,4.0,1.0,13.0,2,67,4.0,
1261,73,2015,4.0,1.0,13.0,1,78,3.0,
1264,73,2015,4.0,1.0,13.0,2,27,3.0,
1268,73,2015,4.0,1.0,13.0,2,35,3.0,
1271,73,2015,4.0,1.0,13.0,2,45,3.0,
1274,73,2015,4.0,1.0,13.0,2,33,3.0,
1282,73,2015,4.0,1.0,13.0,1,28,3.0,
1283,73,2015,4.0,1.0,13.0,2,37,3.0,
1284,73,2015,4.0,1.0,13.0,2,61,3.0,
1291,73,2015,4.0,1.0,13.0,1,95,3.0,
1292,73,2015,4.0,1.0,13.0,1,78,3.0,
1296,73,2015,4.0,1.0,13.0,2,51,4.0,
1300,73,2015,4.0,1.0,13.0,2,42,4.0,
1307,73,2015,4.0,1.0,13.0,2,49,3.0,
1309,73,2015,4.0,1.0,13.0,2,63,4.0,
1310,73,2015,4.0,1.0,13.0,2,53,4.0,
1311,73,2015,4.0,1.0,13.0,2,45,4.0,
1312,73,2015,4.0,1.0,13.0,2,55,4.0,
1313,73,2015,4.0,1.0,13.0,2,61,4.0,
1314,73,2015,4.0,1.0,13.0,2,53,4.0,
1318,73,2015,4.0,1.0,13.0,2,94,4.0,
1319,73,2015,4.0,1.0,13.0,1,70,4.0,
1320,73,2015,4.0,1.0,13.0,2,45,4.0,
1324,73,2015,4.0,1.0,13.0,2,24,4.0,
1330,73,2015,4.0,1.0,13.0,1,69,4.0,
1333,73,2015,4.0,1.0,13.0,2,68,4.0,
1334,73,2015,4.0,1.0,13.0,2,44,4.0,
1337,73,2015,4.0,1.0,13.0,2,69,4.0,
1339,73,2015,4.0,1.0,13.0,2,54,2.0,
1341,73,2015,4.0,1.0,13.0,1,39,2.0,
1351,73,2015,4.0,1.0,13.0,1,58,1.0,
1352,73,2015,4.0,1.0,13.0,1,21,1.0,
1353,73,2015,4.0,1.0,13.0,2,60,1.0,
1355,73,2015,4.0,1.0,13.0,2,42,2.0,
1356,73,2015,4.0,1.0,13.0,2,63,1.0,
1358,73,2015,4.0,1.0,13.0,2,58,3.0,
1359,73,2015,4.0,1.0,13.0,2,52,3.0,
1360,73,2015,4.0,1.0,13.0,2,49,3.0,
1361,73,2015,4.0,1.0,13.0,1,69,3.0,
1362,73,2015,4.0,1.0,13.0,2,20,2.0,
1367,73,2015,4.0,1.0,13.0,2,57,1.0,
1375,73,2015,4.0,1.0,13.0,1,69,1.0,
1376,73,2015,4.0,1.0,13.0,1,19,1.0,
1379,73,2015,4.0,1.0,13.0,2,44,1.0,
1381,73,2015,4.0,1.0,13.0,2,25,1.0,
1385,73,2015,4.0,1.0,13.0,1,58,1.0,
1387,73,2015,4.0,1.0,13.0,1,80,2.0,
1391,73,2015,4.0,1.0,13.0,1,56,1.0,
1392,73,2015,4.0,1.0,13.0,1,62,2.0,
1393,73,2015,4.0,1.0,13.0,2,66,2.0,
1394,73,2015,4.0,1.0,13.0,1,50,1.0,
1396,73,2015,4.0,1.0,13.0,1,23,2.0,
1397,73,2015,4.0,1.0,13.0,1,24,2.0,
1399,73,2015,4.0,1.0,13.0,2,52,4.0,
1403,73,2015,4.0,1.0,13.0,1,56,4.0,
1404,73,2015,4.0,1.0,13.0,1,88,4.0,
1406,73,2015,4.0,1.0,13.0,2,67,4.0,
1409,73,2015,4.0,1.0,13.0,2,57,3.0,
1410,73,2015,4.0,1.0,13.0,2,81,4.0,
1414,73,2015,4.0,1.0,13.0,2,46,4.0,
1415,73,2015,4.0,1.0,13.0,2,50,4.0,
1417,73,2015,4.0,1.0,13.0,2,29,4.0,
1418,73,2015,4.0,1.0,13.0,1,34,5.0,
1419,73,2015,4.0,1.0,13.0,1,26,4.0,
1430,73,2015,4.0,1.0,13.0,2,52,2.0,
1431,73,2015,4.0,1.0,13.0,2,60,2.0,
1433,73,2015,4.0,1.0,13.0,2,25,3.0,
1434,73,2015,4.0,1.0,13.0,2,77,2.0,
1435,73,2015,4.0,1.0,13.0,2,35,3.0,
1436,73,2015,4.0,1.0,13.0,2,22,3.0,
1437,73,2015,4.0,1.0,13.0,2,39,3.0,
1438,73,2015,4.0,1.0,13.0,1,41,3.0,
1439,73,2015,4.0,1.0,13.0,2,69,2.0,
1440,73,2015,4.0,1.0,13.0,1,69,3.0,
1442,73,2015,4.0,1.0,13.0,2,67,3.0,
1444,73,2015,4.0,1.0,13.0,2,32,3.0,
1452,73,2015,4.0,1.0,13.0,1,25,3.0,
1453,73,2015,4.0,1.0,13.0,2,30,3.0,
1469,73,2015,4.0,1.0,13.0,2,66,3.0,
1474,73,2015,4.0,1.0,13.0,1,65,3.0,
1476,73,2015,4.0,1.0,13.0,1,53,3.0,
1478,73,2015,4.0,1.0,13.0,1,62,3.0,
1483,73,2015,4.0,1.0,13.0,2,53,3.0,
1484,73,2015,4.0,1.0,13.0,1,50,3.0,
1486,73,2015,4.0,1.0,13.0,1,65,3.0,
1489,73,2015,4.0,1.0,13.0,1,61,3.0,
1492,73,2015,4.0,1.0,13.0,1,54,3.0,
1503,73,2015,4.0,1.0,13.0,2,54,2.0,
1508,73,2015,4.0,1.0,13.0,2,35,2.0,
1520,73,2015,4.0,1.0,13.0,1,40,2.0,
1521,73,2015,4.0,1.0,13.0,2,28,2.0,
1522,73,2015,4.0,1.0,13.0,1,58,2.0,
1524,73,2015,4.0,1.0,13.0,2,50,2.0,
1538,73,2015,4.0,1.0,13.0,2,44,3.0,
1541,73,2015,4.0,1.0,13.0,2,67,4.0,
1544,73,2015,4.0,1.0,13.0,2,18,2.0,
1546,73,2015,4.0,1.0,13.0,2,54,3.0,
1559,73,2015,4.0,1.0,13.0,1,23,2.0,
1560,73,2015,4.0,1.0,13.0,2,52,2.0,
1562,73,2015,4.0,1.0,13.0,2, ,2.0,
1564,73,2015,4.0,1.0,13.0,1,49,2.0,
1567,73,2015,4.0,1.0,13.0,1,39,2.0,
1569,73,2015,4.0,1.0,13.0,2,24,2.0,
1575,73,2015,4.0,1.0,13.0,2,69,2.0,
1578,73,2015,4.0,1.0,13.0,2,54,2.0,
1579,73,2015,4.0,1.0,13.0,2,59,2.0,
1582,73,2015,4.0,1.0,13.0,1,58,2.0,
1584,73,2015,4.0,1.0,13.0,1,35,2.0,
1599,73,2015,4.0,1.0,13.0,1,66,3.0,
1605,73,2015,4.0,1.0,13.0,2,50,3.0,
1609,73,2015,4.0,1.0,13.0,1,52,4.0,
1610,73,2015,4.0,1.0,13.0,1,57,4.0,
1611,73,2015,4.0,1.0,13.0,1,32,4.0,
1612,73,2015,4.0,1.0,13.0,1,64,3.0,
1613,73,2015,4.0,1.0,13.0,2,37,3.0,
1614,73,2015,4.0,1.0,13.0,2,72,4.0,
1617,73,2015,4.0,1.0,13.0,1,50,2.0,
1618,73,2015,4.0,1.0,13.0,1,68,2.0,
1627,73,2015,4.0,1.0,13.0,2,19,3.0,
1630,73,2015,4.0,1.0,13.0,2,23,4.0,
1631,73,2015,4.0,1.0,13.0,2,58,3.0,
1633,73,2015,4.0,1.0,13.0,1,34,5.0,
1634,73,2015,4.0,1.0,13.0,1,38,1.0,
1637,73,2015,4.0,1.0,13.0,2,53,2.0,
1638,73,2015,4.0,1.0,13.0,2,53,4.0,
1640,73,2015,4.0,1.0,13.0,2,75,4.0,
1641,73,2015,4.0,1.0,13.0,1,25,3.0,
1642,73,2015,4.0,1.0,13.0,2,75,4.0,
1644,73,2015,4.0,1.0,13.0,2,86,4.0,
1645,73,2015,4.0,1.0,13.0,2,40,3.0,
1646,73,2015,4.0,1.0,13.0,1,22,3.0,
1649,73,2015,4.0,1.0,13.0,2,84,3.0,
1652,73,2015,4.0,1.0,13.0,2,64,4.0,
1653,73,2015,4.0,1.0,13.0,1,18,3.0,
1656,73,2015,4.0,1.0,13.0,1,31,3.0,
1659,73,2015,4.0,1.0,13.0,2,85,4.0,
1661,73,2015,4.0,1.0,13.0,2,67,4.0,
1665,73,2015,4.0,1.0,13.0,1,43,4.0,
1667,73,2015,4.0,1.0,13.0,1,53,4.0,
1671,73,2015,4.0,1.0,13.0,2,33,3.0,
1672,73,2015,4.0,1.0,13.0,1,47,2.0,
1676,73,2015,4.0,1.0,13.0,1,39,2.0,
1678,73,2015,4.0,1.0,13.0,2,70,2.0,
1683,73,2015,4.0,1.0,13.0,1,62,3.0,
1684,73,2015,4.0,1.0,13.0,1,39,2.0,
1695,73,2015,4.0,1.0,13.0,1,28,4.0,
1696,73,2015,4.0,1.0,13.0,1,32,4.0,
1697,73,2015,4.0,1.0,13.0,2,59,4.0,
1703,73,2015,4.0,1.0,13.0,2,50,3.0,
1705,73,2015,4.0,1.0,13.0,2,54,1.0,
1707,73,2015,4.0,1.0,13.0,1,26,1.0,
1710,73,2015,4.0,1.0,13.0,1,41,1.0,
1712,73,2015,4.0,1.0,13.0,1,43,1.0,
1714,73,2015,4.0,1.0,13.0,1,79,1.0,
1715,73,2015,4.0,1.0,13.0,2,50,1.0,
1718,73,2015,4.0,1.0,13.0,2,43,3.0,
1735,73,2015,4.0,1.0,13.0,2,46,3.0,
1736,73,2015,4.0,1.0,13.0,2,70,3.0,
1737,73,2015,4.0,1.0,13.0,2,46,3.0,
1738,73,2015,4.0,1.0,13.0,1,22,3.0,
1739,73,2015,4.0,1.0,13.0,1,46,3.0,
1741,73,2015,4.0,1.0,13.0,1,40,3.0,
1745,73,2015,4.0,1.0,13.0,1,77,2.0,
1746,73,2015,4.0,1.0,13.0,2,46,2.0,
1747,73,2015,4.0,1.0,13.0,1,57,4.0,
1748,73,2015,4.0,1.0,13.0,1,21,3.0,
1750,73,2015,4.0,1.0,13.0,1,28,4.0,
1755,73,2015,4.0,1.0,13.0,2,46,3.0,
1758,73,2015,4.0,1.0,13.0,2,44,2.0,
1760,73,2015,4.0,1.0,13.0,2,41,3.0,
1762,73,2015,4.0,1.0,13.0,1,24,3.0,
1764,73,2015,4.0,1.0,13.0,2,54,3.0,
1768,73,2015,4.0,1.0,13.0,1,40,3.0,
1770,73,2015,4.0,1.0,13.0,2,27,3.0,
1771,73,2015,4.0,1.0,13.0,2,45,3.0,
1774,73,2015,4.0,1.0,13.0,1,21,3.0,
1778,73,2015,4.0,2.0,13.0,1,85,3.0,
1781,73,2015,4.0,2.0,13.0,2,20,4.0,
1782,73,2015,4.0,2.0,13.0,2,30,3.0,
1786,73,2015,4.0,1.0,13.0,2,29,4.0,
1789,73,2015,4.0,1.0,13.0,2,61,3.0,
1790,73,2015,4.0,1.0,13.0,1,79,3.0,
1792,73,2015,4.0,1.0,13.0,2,63,3.0,
1794,73,2015,4.0,1.0,13.0,1,43,3.0,
1795,73,2015,4.0,1.0,13.0,2,81,3.0,
1799,73,2015,4.0,1.0,13.0,2,71,3.0,
1807,73,2015,4.0,1.0,13.0,2,29,4.0,
1808,73,2015,4.0,1.0,13.0,2,29,4.0,
1809,73,2015,4.0,1.0,13.0,1,29,4.0,
1812,73,2015,4.0,1.0,13.0,2,63,4.0,
1813,73,2015,4.0,1.0,13.0,2,84,3.0,
1814,73,2015,4.0,1.0,13.0,1,78,3.0,
1815,73,2015,4.0,1.0,13.0,2,80,2.0,
1816,73,2015,4.0,1.0,13.0,2,34,3.0,
1817,73,2015,4.0,1.0,13.0,1,21,3.0,
1818,73,2015,4.0,1.0,13.0,2,86,2.0,
1820,73,2015,4.0,2.0,13.0,1,73,4.0,
1822,73,2015,4.0,2.0,13.0,2,35,3.0,
1823,73,2015,4.0,2.0,13.0,1,62,4.0,
1824,73,2015,4.0,2.0,13.0,2,44,3.0,
1825,73,2015,4.0,1.0,13.0,2,42,2.0,
1827,73,2015,4.0,1.0,13.0,2,35,3.0,
1829,73,2015,4.0,1.0,13.0,1,46,3.0,
1830,73,2015,4.0,1.0,13.0,2,45,3.0,
1840,73,2015,4.0,2.0,13.0,2,26,4.0,
1844,73,2015,4.0,1.0,13.0,2,46,2.0,
1846,73,2015,4.0,1.0,13.0,2,74,3.0,
1852,73,2015,4.0,1.0,13.0,1,41,3.0,
1855,73,2015,4.0,2.0,13.0,2,51,4.0,
1861,73,2015,4.0,1.0,13.0,1,39,3.0,
1866,73,2015,4.0,1.0,13.0,2,22,4.0,
19,74,2015,8.0,,,2,64,4.0,
40,74,2015,8.0,,,2,36,4.0,
129,74,2015,8.0,,,1,31,4.0,
131,74,2015,8.0,,,2,68,4.0,
132,74,2015,8.0,,,1,50,4.0,
153,74,2015,8.0,,,2,23,4.0,
214,74,2015,8.0,,,1,27,3.0,
228,74,2015,8.0,,,2,45,3.0,
244,74,2015,8.0,,,1,28,4.0,
270,74,2015,8.0,,,2,45,3.0,
295,74,2015,8.0,,,1,50,3.0,
298,74,2015,8.0,,,2,62,2.0,
353,74,2015,8.0,,,2,62,4.0,
371,74,2015,8.0,,,2,79,4.0,
383,74,2015,8.0,,,2,46,4.0,
465,74,2015,8.0,,,2,56,3.0,
488,74,2015,8.0,,,1,47,4.0,
491,74,2015,8.0,,,2,20,3.0,
514,74,2015,8.0,,,2,67,3.0,
553,74,2015,8.0,,,2,81,4.0,
624,74,2015,8.0,,,2,71,3.0,
786,74,2015,8.0,,,2,27,3.0,
808,74,2015,8.0,,,1,68,4.0,
826,74,2015,8.0,,,2,72,3.0,
827,74,2015,8.0,,,2,47,4.0,
1096,74,2015,8.0,,,1,53,3.0,
1105,74,2015,8.0,,,2,18,3.0,
1124,74,2015,8.0,,,2,48,3.0,
1127,74,2015,8.0,,,1,23,4.0,
1145,74,2015,8.0,,,2,82,3.0,
1155,74,2015,8.0,,,2,44,4.0,
1160,74,2015,8.0,,,1,72,4.0,
1178,74,2015,8.0,,,2,21,3.0,
1210,74,2015,8.0,,,2,64,3.0,
1225,74,2015,8.0,,,1,47,2.0,
1230,74,2015,8.0,,,2,72,3.0,
1240,74,2015,8.0,,,2,68,3.0,
1245,74,2015,8.0,,,2,45,2.0,
1252,74,2015,8.0,,,2,65,3.0,
1262,74,2015,8.0,,,2,26,3.0,
1267,74,2015,8.0,,,2,64,3.0,
1305,74,2015,8.0,,,1,28,4.0,
1369,74,2015,8.0,,,2,70,3.0,
1370,74,2015,8.0,,,2,61,3.0,
1374,74,2015,8.0,,,2,69,3.0,
1384,74,2015,8.0,,,2,56,3.0,
1389,74,2015,8.0,,,1,47,3.0,
1395,74,2015,8.0,,,1,33,4.0,
1398,74,2015,8.0,,,2,23,4.0,
1401,74,2015,8.0,,,2,33,4.0,
1407,74,2015,8.0,,,2,65,2.0,
1421,74,2015,8.0,,,2,80,2.0,
1432,74,2015,8.0,,,2,45,3.0,
1456,74,2015,8.0,,,1,51,3.0,
1477,74,2015,8.0,,,1,53,4.0,
1480,74,2015,8.0,,,2,25,3.0,
1511,74,2015,8.0,,,2,28,3.0,
1518,74,2015,8.0,,,1,21,4.0,
1519,74,2015,8.0,,,1,48,4.0,
1530,74,2015,8.0,,,1,42,4.0,
1542,74,2015,8.0,,,2,84,3.0,
1547,74,2015,8.0,,,2,75,3.0,
1561,74,2015,8.0,,,2,85,2.0,
1583,74,2015,8.0,,,2,66,3.0,
1621,74,2015,8.0,,,2,80,4.0,
1629,74,2015,8.0,,,1,32,4.0,
1636,74,2015,8.0,,,2,27,2.0,
1643,74,2015,8.0,,,2,40,3.0,
1647,74,2015,8.0,,,1,20,3.0,
1651,74,2015,8.0,,,1,45,4.0,
1654,74,2015,8.0,,,2,25,3.0,
1726,74,2015,8.0,,,2,33,4.0,
1833,74,2015,8.0,,,1,72,4.0,
1135,75,2015,11.0,,13.0,2,38,3.0,
311,75,2015,11.0,,5.0,2,46,4.0,
468,75,2015,11.0,,6.0,2,25,3.0,
1354,75,2015,11.0,,13.0,2,26,3.0,
492,75,2015,11.0,,6.0,1,68,4.0,
407,75,2015,11.0,,5.0,2,70,3.0,
1603,75,2015,11.0,,13.0,1,80,3.0,
1420,75,2015,11.0,,13.0,1,20,3.0,
1422,75,2015,11.0,,13.0,1,27,3.0,
1400,75,2015,11.0,,13.0,1,46,3.0,
1405,75,2015,11.0,,13.0,2,21,3.0,
232,75,2015,11.0,,5.0,2,27,4.0,
1122,75,2015,11.0,,13.0,2,39,3.0,
1648,75,2015,11.0,,13.0,1,41,1.0,
1650,75,2015,11.0,,13.0,1,23,1.0,
1835,75,2015,11.0,,13.0,2,75,3.0,
573,75,2015,11.0,,7.0,2,48,4.0,
365,75,2015,11.0,,5.0,2,25,3.0,
1828,75,2015,11.0,,13.0,2,64,4.0,
1294,75,2015,11.0,,13.0,1,47,3.0,
1364,75,2015,11.0,,13.0,2,55,3.0,
1365,75,2015,11.0,,13.0,2,37,3.0,
1366,75,2015,11.0,,13.0,1,51,3.0,
1639,75,2015,11.0,,13.0,1,67,1.0,
240,75,2015,11.0,,5.0,1,68,3.0,
1144,75,2015,11.0,,13.0,1,27,3.0,
1216,75,2015,11.0,,13.0,2,25,4.0,
300,75,2015,11.0,,5.0,1,43,4.0,
1573,75,2015,11.0,,13.0,2,72,4.0,
1338,75,2015,11.0,,13.0,2,44,2.0,
1728,75,2015,11.0,,13.0,2,57,4.0,
1810,75,2015,11.0,,13.0,2,62,4.0,
1231,75,2015,11.0,,13.0,2,23,2.0,
294,75,2015,11.0,,5.0,2,43,4.0,
1094,75,2015,11.0,,12.0,1,39,4.0,
1628,75,2015,11.0,,13.0,2,40,1.0,
1586,75,2015,11.0,,13.0,2,62,3.0,
1263,75,2015,11.0,,13.0,2,52,3.0,
1565,75,2015,12.0,,13.0,2,32,3.0,
1635,75,2015,12.0,,13.0,2,43,1.0,
1632,75,2015,12.0,,13.0,1,29,1.0,
1716,75,2015,12.0,,13.0,2,62,4.0,
1993,78,2016,11.0,,,2,50,4.0,
1994,78,2016,11.0,,,1,70,3.0,
1995,78,2016,11.0,,,1,75,4.0,
1996,78,2016,11.0,,,2,23,4.0,
1997,78,2016,11.0,,,1,18,2.0,
1998,78,2016,11.0,,,2,73,3.0,
2000,78,2016,11.0,,,2,53,2.0,
2001,78,2016,11.0,,,1,53,2.0,
2002,78,2016,11.0,,,1,18,3.0,
2003,78,2016,11.0,,,2,60,2.0,
2004,78,2016,11.0,,,1,46,5.0,
2005,78,2016,11.0,,,1,68,4.0,
2006,78,2016,11.0,,,2,78,5.0,
2007,78,2016,11.0,,,2,50,3.0,
2008,78,2016,11.0,,,1,59,4.0,
2009,78,2016,11.0,,,1,81,5.0,
2010,78,2016,11.0,,,1,31,3.0,
2011,78,2016,11.0,,,2,61,3.0,
2012,78,2016,11.0,,,1,29,4.0,
2013,78,2016,11.0,,,2,54,3.0,
2014,78,2016,11.0,,,2,53,4.0,
2015,78,2016,11.0,,,1,21,4.0,
165,79,2017,5.0,,,2,37,4.0,
288,79,2017,5.0,,,2,61,3.0,
306,79,2017,5.0,,,2,61,3.0,
896,79,2017,4.0,,,1,50,3.0,
1242,79,2017,5.0,,,2,80,3.0,
1257,79,2017,4.0,,,2,82,4.0,
1259,79,2017,5.0,,,1,49,3.0,
1295,79,2017,5.0,,,1,22,1.0,
1347,79,2017,5.0,,,2,63,4.0,
1416,79,2017,5.0,,,1,64,4.0,
