Id_Encuesta,percepcion_1_a,percepcion_1_b,percepcion_1_c,percepcion_2,percepcion_3,percepcion_4,percepcion_5,percepcion_6,percepcion_38,percepcion_39
1,5,6,3,4,,1,,,,
2,3,8,7,4,,1,,,,
4,10,4,3,2,,2,,,,
5,9,2,5,4,,1,,,,
6,1,11,6,3,,1,,,,
7,16,2,14,4,,1,,,,
9,9,10,3,4,,1,,,,
10,10,5,8,4,,1,,,,
11,5,10,11,2,,2,,,,
12,3,11,10,3,,2,,,,
15,10,5,9,4,,1,,,,
16,8,9,7,3,,2,,,,
17,10,9,3,3,,1,,,,
18,4,7,17,3,,1,,,,
20,10,11,5,3,,1,,,,
23,17,11,10,3,,2,,,,
24,6,7,10,2,,2,,,,
25,10,7,5,3,,2,,,,
26,10,2,3,3,,2,,,,
28,5,10,11,3,,1,,,,
29,5,7,10,4,,1,,,,
31,2,5,10,3,,1,,,,
32,9,3,17,3,,1,,,,
33,5,9,10,3,,1,,,,
34,10,13,5,4,,1,,,,
35,10,13,5,3,,1,,,,
36,5,10,11,2,,2,,,,
37,7,6,3,2,,2,,,,
38,10,13,5,3,,2,,,,
39,9,11,13,3,,2,,,,
41,6,10,11,4,,1,,,,
43,5,3,11,3,,2,,,,
44,1,11,13,2,,2,,,,
45,1,5,11,3,,2,,,,
47,5,10,3,2,,2,,,,
48,13,5,6,4,,2,,,,
49,5,6,11,2,,2,,,,
50,9,13,3,1,,3,,,,
51,11,10,5,2,,2,,,,
52,13,11,9,2,,2,,,,
53,5,9,10,3,,1,,,,
54,13,3,10,3,,2,,,,
55,9,1,3,3,,2,,,,
56,4,5,10,4,,1,,,,
57,6,5,14,4,,2,,,,
58,9,3,7,2,,2,,,,
59,9,3,10,3,,1,,,,
60,3,5,7,3,,1,,,,
61,10,5,17,3,,1,,,,
62,17,5,10,2,,1,,,,
63,5,10,8,5,,1,,,,
64,10,13,7,4,,1,,,,
65,16,8,1,4,,1,,,,
66,13,10,7,2,,1,,,,
67,3,14,11,4,,1,,,,
68,10,13,2,2,,2,,,,
69,10,5,9,3,,1,,,,
70,10,17,2,3,,1,,,,
71,10,5,3,3,,1,,,,
72,10,9,13,3,,1,,,,
73,9,10,17,4,,1,,,,
74,9,7,17,3,,1,,,,
75,12,13,5,5,,1,,,,
76,11,13,9,3,,1,,,,
77,7,5,10,2,,2,,,,
78,9,10,11,3,,2,,,,
79,17,10,5,3,,2,,,,
80,9,8,3,3,,2,,,,
81,10,3,11,3,,2,,,,
82,3,9,14,4,,1,,,,
83,16,14,10,2,,1,,,,
84,3,14,10,3,,2,,,,
85,5,3,11,4,,1,,,,
86,7,10,17,3,,1,,,,
87,10,3,2,3,,1,,,,
88,14,3,10,3,,2,,,,
89,10,11,3,3,,1,,,,
90,14,7,10,4,,2,,,,
91,13,10,3,3,,1,,,,
92,17,10,5,3,,1,,,,
93,3,10,7,3,,2,,,,
94,17,11,9,1,,2,,,,
95,10,3,5,3,,1,,,,
96,14,10,9,4,,1,,,,
97,10,11,14,2,,2,,,,
98,3,9,10,3,,2,,,,
99,9,7,3,2,,2,,,,
100,17,3,10,1,,2,,,,
101,10,14,4,4,,1,,,,
102,5,6,7,3,,2,,,,
103,10,3,11,3,,2,,,,
104,3,1,11,2,,1,,,,
105,3,14,7,3,,2,,,,
106,3,9,14,3,,2,,,,
107,3,7,2,3,,1,,,,
108,7,14,11,3,,2,,,,
109,10,3,7,3,,1,,,,
110,9,10,11,2,,9,,,,
111,3,10,14,3,,2,,,,
112,3,9,10,3,,2,,,,
113,2,3,9,3,,9,,,,
115,10,5,3,3,,2,,,,
116,17,13,5,3,,1,,,,
117,10,5,7,5,,1,,,,
118,10,3,2,2,,2,,,,
119,5,10,6,2,,1,,,,
120,5,3,10,2,,3,,,,
121,7,3,11,4,,2,,,,
122,5,3,11,4,,2,,,,
123,3,10,5,3,,2,,,,
124,10,3,8,3,,2,,,,
125,11,10,7,3,,1,,,,
126,3,5,9,3,,2,,,,
127,10,9,5,3,,2,,,,
128,3,7,5,3,,3,,,,
130,11,6,13,3,,1,,,,
133,10,11,1,3,,1,,,,
134,9,6,7,4,,1,,,,
135,1,3,11,3,,1,,,,
136,2,5,7,4,,1,,,,
137,3,13,10,3,,2,,,,
138,10,1,5,4,,2,,,,
139,11,1,4,4,,1,,,,
140,11,3,1,3,,1,,,,
141,1,11,10,3,,2,,,,
142,10,11,1,3,,1,,,,
143,1,3,5,3,,2,,,,
144,9,1,7,3,,1,,,,
145,11,3,5,4,,1,,,,
146,11,17,2,2,,2,,,,
147,11,17,2,2,,9,,,,
148,10,11,3,3,,2,,,,
149,3,6,11,2,,2,,,,
150,7,1,11,3,,2,,,,
152,11,10,3,3,,2,,,,
154,9,3,5,3,,1,,,,
155,13,11,5,3,,1,,,,
156,1,11,10,4,,1,,,,
157,11,9,13,4,,1,,,,
158,3,9,13,3,,1,,,,
159,3,9,11,4,,1,,,,
160,11,10,1,3,,2,,,,
162,10,11,13,2,,2,,,,
164,3,10,11,2,,2,,,,
166,10,17,14,3,,1,,,,
167,11,13,5,4,,1,,,,
168,5,10,11,3,,2,,,,
169,6,5,14,3,,2,,,,
170,10,11,7,3,,1,,,,
172,9,13,11,3,,2,,,,
174,11,10,6,2,,2,,,,
175,10,11,88,2,,2,,,,
176,10,5,7,3,,2,,,,
177,5,16,13,3,,2,,,,
178,5,10,88,3,,2,,,,
179,5,9,7,2,,2,,,,
180,11,7,12,3,,2,,,,
181,9,10,13,3,,1,,,,
182,3,7,1,3,,1,,,,
183,10,11,14,1,,2,,,,
185,8,5,1,3,,2,,,,
186,3,88,88,3,,8,,,,
187,10,3,11,2,,1,,,,
188,6,5,3,2,,2,,,,
189,7,6,13,1,,1,,,,
191,3,10,7,1,,2,,,,
192,5,13,6,2,,2,,,,
193,10,6,9,3,,2,,,,
194,5,10,13,3,,2,,,,
195,1,3,6,3,,1,,,,
196,3,5,10,4,,2,,,,
197,10,7,13,3,,1,,,,
198,7,17,11,2,,2,,,,
199,5,11,14,3,,2,,,,
200,3,10,1,2,,2,,,,
201,10,5,14,4,,1,,,,
203,5,10,6,4,,1,,,,
206,10,5,9,3,,2,,,,
207,2,10,6,4,,1,,,,
208,8,6,5,4,,1,,,,
209,9,1,14,3,,2,,,,
210,11,7,6,3,,2,,,,
211,11,7,5,3,,2,,,,
212,5,10,12,1,,1,,,,
213,11,3,9,3,,2,,,,
215,15,17,4,2,,3,,,,
216,3,2,9,4,,1,,,,
217,11,10,3,2,,2,,,,
218,9,3,11,5,,8,,,,
219,10,11,9,3,,1,,,,
220,6,11,1,4,,1,,,,
221,17,2,3,4,,3,,,,
222,3,7,10,3,,2,,,,
223,5,10,11,3,,2,,,,
224,10,11,7,2,,2,,,,
225,5,10,1,4,,1,,,,
226,3,9,10,3,,2,,,,
227,7,2,11,3,,1,,,,
230,3,5,10,2,,2,,,,
231,5,8,11,3,,1,,,,
233,11,6,17,3,,2,,,,
235,6,11,14,2,,2,,,,
236,9,3,11,3,,2,,,,
237,11,10,3,3,,1,,,,
238,6,10,2,3,,2,,,,
239,10,11,9,3,,1,,,,
241,5,10,9,3,,1,,,,
242,2,3,9,2,,2,,,,
243,5,3,2,4,,1,,,,
246,8,10,2,3,,1,,,,
247,5,17,7,2,,2,,,,
248,14,3,1,4,,1,,,,
249,3,11,12,2,,2,,,,
251,17,13,7,2,,3,,,,
253,3,11,17,4,,1,,,,
254,11,14,9,2,,3,,,,
257,3,5,6,2,,2,,,,
259,6,10,13,3,,2,,,,
260,1,11,13,4,,1,,,,
262,3,5,6,2,,2,,,,
263,3,2,1,2,,2,,,,
264,1,3,11,2,,1,,,,
265,3,2,14,4,,1,,,,
266,3,5,17,3,,2,,,,
267,10,3,17,2,,2,,,,
269,17,14,5,4,,2,,,,
272,11,10,5,1,,2,,,,
273,13,11,10,3,,2,,,,
274,13,11,5,2,,2,,,,
275,7,11,10,3,,1,,,,
276,10,11,3,1,,2,,,,
277,5,14,2,2,,2,,,,
283,3,9,10,4,,1,,,,
284,3,8,14,4,,1,,,,
287,16,5,15,4,,1,,,,
293,3,5,10,4,,2,,,,
296,5,3,10,3,,2,,,,
297,11,10,14,3,,1,,,,
299,10,5,13,4,,1,,,,
301,9,13,5,3,,2,,,,
303,17,5,10,4,,3,,,,
305,10,6,13,3,,2,,,,
307,6,13,9,2,,2,,,,
308,10,9,5,2,,2,,,,
309,10,1,3,3,,1,,,,
310,5,3,10,2,,1,,,,
312,10,3,9,3,,1,,,,
313,11,13,5,3,,1,,,,
315,3,6,9,3,,1,,,,
316,3,88,10,3,,1,,,,
317,5,6,10,1,,1,,,,
318,10,7,11,3,,2,,,,
319,10,11,5,2,,2,,,,
320,9,5,11,2,,2,,,,
322,9,10,3,3,,2,,,,
323,2,10,11,3,,1,,,,
324,10,6,4,3,,1,,,,
325,17,11,5,1,,2,,,,
326,3,9,10,3,,1,,,,
327,10,1,11,4,,1,,,,
328,13,11,6,3,,1,,,,
329,17,11,1,3,,2,,,,
330,13,6,10,3,,1,,,,
331,6,10,13,4,,1,,,,
332,6,11,9,3,,1,,,,
333,10,11,17,8,,1,,,,
334,15,5,17,4,,2,,,,
335,5,4,7,3,,2,,,,
336,17,6,3,3,,2,,,,
337,3,10,9,2,,2,,,,
338,3,9,10,2,,2,,,,
339,1,7,11,2,,2,,,,
341,3,13,10,3,,1,,,,
342,6,9,3,3,,2,,,,
343,5,7,6,3,,2,,,,
344,5,10,13,3,,2,,,,
345,6,11,10,2,,1,,,,
346,3,5,9,3,,2,,,,
347,3,11,10,3,,1,,,,
349,1,3,13,4,,1,,,,
350,5,4,10,4,,1,,,,
351,6,9,5,3,,2,,,,
352,3,5,13,3,,1,,,,
355,3,6,9,2,,1,,,,
356,7,5,10,3,,2,,,,
357,5,7,10,3,,2,,,,
358,3,11,14,3,,2,,,,
359,1,2,14,3,,2,,,,
360,3,10,1,3,,1,,,,
361,11,10,5,3,,2,,,,
363,3,5,11,3,,1,,,,
364,10,5,3,4,,2,,,,
366,17,15,11,3,,3,,,,
367,3,11,1,3,,1,,,,
369,7,3,6,3,,2,,,,
370,11,3,5,3,,2,,,,
372,3,11,5,3,,1,,,,
374,5,10,3,3,,1,,,,
375,3,5,10,3,,2,,,,
376,10,7,3,3,,2,,,,
378,10,5,3,3,,2,,,,
379,10,3,11,3,,1,,,,
380,10,5,3,3,,2,,,,
381,5,11,10,4,,1,,,,
382,10,3,11,4,,2,,,,
385,11,10,7,2,,2,,,,
386,3,9,10,2,,3,,,,
387,5,7,13,3,,1,,,,
388,5,10,14,3,,1,,,,
389,10,7,3,3,,1,,,,
390,5,2,1,3,,1,,,,
391,3,11,1,3,,2,,,,
392,11,7,6,2,,2,,,,
393,5,10,3,2,,2,,,,
394,9,10,3,3,,8,,,,
395,16,5,10,4,,1,,,,
396,10,11,13,3,,2,,,,
399,10,13,5,3,,2,,,,
400,10,14,5,3,,2,,,,
401,3,5,10,3,,1,,,,
402,10,5,14,3,,2,,,,
403,10,5,3,3,,2,,,,
405,1,8,13,4,,1,,,,
406,6,7,9,2,,2,,,,
409,7,10,11,3,,2,,,,
410,4,7,3,2,,1,,,,
411,7,5,1,3,,1,,,,
412,10,3,17,4,,1,,,,
414,5,11,13,2,,2,,,,
415,7,5,3,3,,3,,,,
416,11,10,9,3,,2,,,,
417,5,13,10,4,,2,,,,
418,7,2,11,3,,1,,,,
419,13,10,11,3,,1,,,,
420,11,7,5,4,,3,,,,
421,11,3,10,3,,2,,,,
422,3,14,1,4,,1,,,,
423,1,3,2,4,,1,,,,
424,10,5,13,4,,1,,,,
425,10,7,14,3,,1,,,,
426,5,13,1,2,,2,,,,
427,3,5,10,2,,1,,,,
428,10,7,13,2,,1,,,,
429,7,11,15,4,,1,,,,
430,17,12,11,4,,2,,,,
431,6,4,11,3,,2,,,,
432,3,5,9,4,,1,,,,
434,3,5,6,3,,1,,,,
435,5,7,11,3,,2,,,,
436,5,3,10,3,,2,,,,
437,1,7,11,3,,1,,,,
438,11,5,10,4,,2,,,,
439,7,10,14,3,,2,,,,
440,5,10,3,3,,2,,,,
441,10,6,13,4,,1,,,,
442,10,11,3,3,,1,,,,
445,10,11,5,3,,1,,,,
446,1,17,8,4,,2,,,,
447,13,7,8,3,,2,,,,
448,7,6,5,3,,1,,,,
449,7,5,10,3,,2,,,,
450,11,6,4,3,,2,,,,
451,3,12,10,3,,1,,,,
452,6,17,11,4,,1,,,,
454,10,3,11,3,,2,,,,
456,7,5,10,3,,2,,,,
457,7,13,10,3,,2,,,,
458,6,5,3,3,,1,,,,
459,10,11,17,2,,2,,,,
460,7,1,4,2,,3,,,,
461,13,11,10,3,,1,,,,
462,3,7,11,3,,2,,,,
463,5,6,11,3,,8,,,,
464,10,14,3,2,,2,,,,
467,10,5,11,4,,2,,,,
471,10,1,5,2,,3,,,,
472,3,7,9,2,,3,,,,
473,11,1,10,3,,1,,,,
474,10,5,2,3,,2,,,,
475,6,11,17,3,,1,,,,
476,3,13,5,2,,2,,,,
477,3,11,10,3,,2,,,,
478,17,10,4,3,,2,,,,
479,10,11,1,2,,2,,,,
480,3,14,9,3,,1,,,,
481,4,3,11,4,,1,,,,
482,1,17,5,3,,1,,,,
483,3,9,6,3,,1,,,,
484,10,11,6,3,,2,,,,
485,1,11,10,2,,2,,,,
486,3,11,5,2,,1,,,,
490,14,3,1,2,,2,,,,
493,10,11,2,4,,1,,,,
494,10,11,3,3,,2,,,,
495,3,1,2,1,,1,,,,
496,10,13,14,4,,1,,,,
499,11,9,5,2,,3,,,,
500,3,1,11,2,,3,,,,
502,3,9,11,3,,1,,,,
503,3,17,11,3,,1,,,,
504,5,17,15,2,,1,,,,
505,14,10,11,3,,1,,,,
506,3,11,7,3,,2,,,,
507,3,5,10,2,,1,,,,
509,11,3,13,4,,2,,,,
510,12,3,5,4,,1,,,,
511,5,1,3,4,,1,,,,
512,17,16,10,4,,1,,,,
513,9,2,5,4,,2,,,,
516,10,6,5,2,,2,,,,
518,5,14,10,4,,1,,,,
519,13,10,11,2,,2,,,,
521,1,4,7,4,,1,,,,
522,10,5,9,4,,2,,,,
523,10,7,11,3,,1,,,,
524,16,12,1,3,,2,,,,
525,11,12,6,4,,1,,,,
526,6,12,1,3,,2,,,,
527,3,14,11,3,,1,,,,
528,17,11,7,3,,1,,,,
529,11,13,5,1,,1,,,,
530,5,10,7,4,,2,,,,
531,7,6,11,2,,2,,,,
533,7,3,11,2,,2,,,,
534,11,10,9,3,,2,,,,
535,10,5,2,2,,2,,,,
536,1,6,7,2,,2,,,,
537,7,11,6,2,,2,,,,
538,5,10,11,2,,2,,,,
539,6,7,1,2,,2,,,,
540,10,11,3,2,,2,,,,
541,10,5,1,2,,2,,,,
542,3,11,17,4,,1,,,,
543,7,10,14,3,,2,,,,
546,3,17,6,3,,1,,,,
547,7,10,6,2,,3,,,,
548,7,11,10,1,,2,,,,
551,11,10,6,3,,1,,,,
552,6,10,7,2,,3,,,,
554,11,1,7,2,,1,,,,
555,17,11,1,3,,1,,,,
556,17,1,10,3,,1,,,,
557,10,11,7,2,,1,,,,
559,1,11,10,2,,1,,,,
560,11,10,7,2,,8,,,,
561,88,88,88,3,,2,,,,
562,1,11,10,3,,2,,,,
563,88,88,88,3,,2,,,,
564,11,1,7,2,,2,,,,
565,5,17,11,4,,1,,,,
567,3,11,6,3,,1,,,,
568,3,2,11,4,,1,,,,
569,3,10,5,3,,1,,,,
570,3,10,5,4,,2,,,,
571,11,10,1,1,,2,,,,
572,14,10,11,1,,2,,,,
574,10,5,15,4,,2,,,,
575,6,5,11,3,,2,,,,
577,11,6,2,2,,2,,,,
578,9,11,10,4,,2,,,,
579,14,10,11,3,,1,,,,
580,10,11,7,2,,2,,,,
581,5,14,10,1,,2,,,,
582,9,10,11,2,,1,,,,
583,7,5,10,1,,2,,,,
585,10,1,3,1,,2,,,,
586,10,5,14,4,,1,,,,
587,6,7,11,3,,2,,,,
589,10,3,1,3,,2,,,,
590,11,10,7,2,,2,,,,
591,5,10,11,3,,2,,,,
592,10,2,7,2,,2,,,,
593,8,3,11,4,,2,,,,
594,6,5,10,2,,2,,,,
595,10,6,11,2,,2,,,,
596,10,11,13,2,,8,,,,
597,6,5,17,4,,3,,,,
598,13,11,16,2,,1,,,,
599,13,10,11,1,,1,,,,
600,7,11,5,3,,1,,,,
603,5,7,3,4,,2,,,,
604,2,3,7,3,,1,,,,
605,7,5,99,1,,3,,,,
606,3,5,10,2,,2,,,,
607,10,13,1,3,,2,,,,
608,17,11,7,3,,1,,,,
609,10,3,11,2,,1,,,,
610,10,5,6,2,,2,,,,
611,1,14,11,3,,2,,,,
612,3,8,2,4,,1,,,,
614,3,9,6,2,,2,,,,
615,10,5,6,3,,2,,,,
616,2,3,9,2,,2,,,,
617,5,10,11,3,,2,,,,
618,5,3,9,4,,2,,,,
619,17,14,5,2,,1,,,,
620,9,13,10,1,,2,,,,
621,5,12,11,3,,1,,,,
622,3,6,13,3,,2,,,,
623,10,14,5,3,,2,,,,
625,9,7,5,3,,1,,,,
626,10,6,17,3,,2,,,,
627,8,3,11,4,,2,,,,
628,7,5,3,2,,1,,,,
629,17,5,10,2,,2,,,,
630,6,3,9,4,,2,,,,
631,6,5,13,3,,1,,,,
632,3,9,11,3,,2,,,,
633,6,7,3,3,,1,,,,
634,5,10,11,3,,2,,,,
635,3,1,10,3,,2,,,,
636,3,10,5,3,,1,,,,
637,14,3,2,4,,2,,,,
638,6,9,11,3,,2,,,,
639,17,11,10,3,,1,,,,
640,6,2,4,3,,2,,,,
641,11,10,3,2,,8,,,,
642,11,3,5,2,,2,,,,
643,8,7,6,3,,1,,,,
644,13,11,6,2,,2,,,,
645,13,10,5,2,,1,,,,
646,10,11,9,4,,1,,,,
647,3,13,11,3,,1,,,,
648,3,9,2,3,,2,,,,
649,6,12,10,4,,2,,,,
650,5,7,6,3,,2,,,,
651,9,3,4,3,,1,,,,
652,10,5,14,3,,2,,,,
654,7,3,1,2,,3,,,,
655,13,9,10,3,,2,,,,
656,10,11,7,3,,1,,,,
657,14,10,5,3,,2,,,,
658,9,6,5,3,,1,,,,
659,5,7,3,2,,2,,,,
660,7,1,3,3,,1,,,,
661,7,10,3,2,,2,,,,
662,3,7,10,3,,1,,,,
663,4,14,10,3,,2,,,,
664,13,11,1,3,,2,,,,
665,10,13,11,2,,2,,,,
666,11,7,1,1,,2,,,,
667,10,3,11,3,,1,,,,
668,10,5,3,2,,1,,,,
669,3,10,5,2,,2,,,,
670,10,11,4,3,,1,,,,
671,10,3,5,3,,2,,,,
672,2,3,1,4,,2,,,,
673,3,11,10,3,,2,,,,
675,5,6,17,3,,1,,,,
676,6,7,17,3,,1,,,,
677,6,7,9,3,,1,,,,
678,5,10,3,3,,1,,,,
679,5,13,10,4,,1,,,,
680,5,8,16,3,,1,,,,
681,5,15,10,3,,2,,,,
682,10,1,11,2,,1,,,,
684,1,6,7,3,,1,,,,
685,9,7,1,1,,2,,,,
686,10,5,2,2,,3,,,,
687,3,6,1,1,,2,,,,
688,10,8,3,3,,2,,,,
689,5,1,11,2,,1,,,,
690,17,14,7,3,,2,,,,
691,3,5,10,1,,2,,,,
692,5,8,11,3,,3,,,,
693,3,17,14,3,,3,,,,
694,3,5,11,2,,3,,,,
695,3,11,9,4,,1,,,,
696,7,5,6,3,,2,,,,
697,10,5,1,3,,2,,,,
698,17,10,3,3,,2,,,,
699,17,10,11,2,,2,,,,
700,13,11,9,3,,2,,,,
701,10,11,5,3,,2,,,,
702,11,10,7,3,,3,,,,
703,1,11,16,4,,2,,,,
704,10,11,5,2,,1,,,,
705,3,10,7,3,,2,,,,
706,11,3,7,3,,1,,,,
707,7,11,3,3,,3,,,,
708,11,10,9,3,,2,,,,
709,10,6,5,3,,2,,,,
710,7,5,4,2,,2,,,,
711,3,1,11,3,,3,,,,
712,7,1,6,2,,2,,,,
713,6,10,11,2,,2,,,,
714,7,5,3,3,,1,,,,
715,2,1,3,2,,3,,,,
716,10,1,3,2,,2,,,,
717,13,11,7,4,,1,,,,
718,3,7,11,2,,2,,,,
719,17,11,3,4,,2,,,,
720,10,7,6,3,,3,,,,
721,5,7,10,2,,2,,,,
722,5,4,10,2,,2,,,,
723,3,5,9,3,,1,,,,
724,10,6,2,3,,2,,,,
725,5,6,4,3,,1,,,,
726,5,7,10,2,,2,,,,
727,7,6,3,1,,8,,,,
728,6,11,10,2,,1,,,,
730,10,7,5,4,,1,,,,
732,7,11,17,2,,1,,,,
734,5,13,11,3,,1,,,,
735,7,3,6,4,,1,,,,
736,7,3,2,2,,2,,,,
738,6,11,3,2,,2,,,,
739,13,10,1,3,,1,,,,
740,11,7,6,3,,2,,,,
741,1,7,11,2,,2,,,,
742,5,7,11,3,,2,,,,
743,13,11,10,3,,2,,,,
744,3,9,7,3,,1,,,,
746,5,3,11,3,,1,,,,
747,7,6,13,2,,1,,,,
748,7,1,11,3,,2,,,,
749,5,9,6,3,,8,,,,
750,7,6,11,3,,2,,,,
751,3,7,11,4,,2,,,,
752,3,1,12,1,,3,,,,
753,7,1,11,4,,1,,,,
754,5,6,11,2,,1,,,,
755,3,1,11,3,,2,,,,
756,6,10,7,3,,1,,,,
757,5,11,17,2,,2,,,,
758,8,7,11,3,,1,,,,
760,11,6,10,2,,2,,,,
761,3,14,11,3,,2,,,,
762,5,9,13,2,,2,,,,
763,8,7,5,4,,1,,,,
764,5,11,10,2,,1,,,,
765,5,6,13,3,,1,,,,
766,3,17,11,2,,2,,,,
767,3,1,7,3,,2,,,,
768,9,1,5,2,,2,,,,
769,10,8,3,3,,1,,,,
770,3,14,9,3,,1,,,,
773,2,3,14,3,,2,,,,
774,10,5,11,4,,2,,,,
777,7,6,4,4,,2,,,,
778,3,1,10,2,,2,,,,
779,13,10,7,4,,2,,,,
781,5,10,14,3,,2,,,,
782,13,11,5,3,,1,,,,
784,11,13,3,4,,1,,,,
785,5,3,10,3,,1,,,,
787,10,4,7,3,,1,,,,
788,11,4,6,1,,2,,,,
789,6,5,10,3,,2,,,,
791,3,1,13,3,,2,,,,
793,3,11,9,3,,2,,,,
794,9,10,11,3,,1,,,,
795,5,10,17,3,,2,,,,
796,14,10,3,3,,2,,,,
797,9,3,10,4,,3,,,,
798,10,5,3,4,,1,,,,
799,10,16,9,3,,1,,,,
800,10,6,9,3,,1,,,,
801,10,5,7,2,,1,,,,
802,7,9,11,2,,1,,,,
803,3,10,13,3,,1,,,,
804,7,10,6,3,,1,,,,
805,5,10,3,4,,1,,,,
806,10,5,8,3,,2,,,,
809,11,10,5,3,,3,,,,
810,5,10,3,3,,3,,,,
811,3,10,5,4,,1,,,,
812,7,5,1,2,,9,,,,
813,3,10,9,3,,1,,,,
814,5,3,6,3,,2,,,,
815,7,13,11,2,,2,,,,
816,11,7,10,3,,1,,,,
817,8,3,11,3,,2,,,,
818,8,10,5,3,,1,,,,
819,7,17,11,3,,1,,,,
821,3,10,9,3,,8,,,,
822,3,2,5,3,,2,,,,
823,7,10,3,3,,1,,,,
825,5,10,17,4,,2,,,,
830,5,10,11,4,,2,,,,
832,3,7,10,2,,1,,,,
833,5,10,13,3,,2,,,,
834,3,6,9,2,,1,,,,
835,5,14,17,4,,1,,,,
836,3,2,6,3,,2,,,,
837,17,7,5,4,,3,,,,
838,3,10,6,2,,3,,,,
840,10,6,7,2,,2,,,,
841,5,10,2,2,,1,,,,
842,10,3,9,2,,3,,,,
843,1,2,10,3,,2,,,,
844,7,9,10,2,,2,,,,
845,4,2,5,3,,2,,,,
846,2,17,11,3,,2,,,,
848,10,12,3,3,,3,,,,
849,6,7,1,3,,2,,,,
850,13,5,10,3,,2,,,,
851,2,5,3,4,,2,,,,
852,10,3,2,2,,3,,,,
853,17,10,5,4,,1,,,,
854,5,10,4,3,,1,,,,
855,5,7,10,2,,2,,,,
856,13,6,7,3,,1,,,,
857,11,7,6,3,,8,,,,
858,4,5,10,4,,1,,,,
859,7,3,9,2,,2,,,,
860,7,3,11,2,,2,,,,
861,5,10,1,2,,2,,,,
863,6,5,10,2,,1,,,,
864,11,3,1,2,,1,,,,
865,7,6,13,3,,2,,,,
866,3,7,10,3,,1,,,,
867,10,5,11,3,,1,,,,
868,2,6,10,3,,2,,,,
869,3,7,5,3,,1,,,,
870,3,9,5,3,,2,,,,
871,7,16,6,3,,2,,,,
872,9,10,5,3,,1,,,,
873,10,3,7,2,,3,,,,
874,3,9,14,5,,2,,,,
875,11,10,7,3,,1,,,,
876,10,13,5,3,,2,,,,
877,13,11,7,2,,2,,,,
878,3,11,9,3,,2,,,,
879,3,5,6,4,,1,,,,
880,7,10,5,2,,8,,,,
881,5,10,2,3,,3,,,,
882,10,7,11,3,,2,,,,
883,7,10,1,3,,1,,,,
884,7,6,3,3,,2,,,,
885,9,3,1,2,,1,,,,
886,3,10,11,3,,3,,,,
888,10,3,5,8,,2,,,,
889,4,2,1,3,,2,,,,
890,7,10,11,3,,2,,,,
891,5,7,11,3,,2,,,,
892,3,7,6,3,,2,,,,
893,10,11,7,4,,1,,,,
894,1,7,11,3,,1,,,,
895,5,11,6,4,,1,,,,
897,3,5,9,2,,2,,,,
898,14,10,7,2,,2,,,,
899,3,1,5,3,,2,,,,
900,14,5,10,4,,1,,,,
901,17,9,5,4,,2,,,,
902,10,6,11,3,,1,,,,
903,5,6,11,4,,1,,,,
904,5,88,10,2,,2,,,,
905,3,14,1,4,,1,,,,
906,2,14,5,3,,1,,,,
907,5,7,13,3,,2,,,,
908,13,10,6,2,,3,,,,
909,7,10,11,3,,2,,,,
910,6,10,11,2,,2,,,,
911,11,13,7,4,,1,,,,
912,10,5,7,3,,1,,,,
913,3,10,13,3,,1,,,,
914,6,1,11,2,,1,,,,
915,13,11,7,3,,2,,,,
916,8,3,11,2,,2,,,,
917,9,5,13,2,,2,,,,
918,9,10,3,3,,3,,,,
919,1,3,10,2,,3,,,,
920,6,3,1,3,,2,,,,
921,6,11,10,2,,2,,,,
922,1,10,11,3,,2,,,,
923,7,10,17,3,,1,,,,
924,7,6,10,2,,2,,,,
925,7,6,8,2,,2,,,,
926,5,6,2,3,,1,,,,
927,4,11,13,2,,1,,,,
928,13,16,10,4,,2,,,,
929,2,7,13,3,,3,,,,
930,5,9,6,3,,1,,,,
931,10,3,1,3,,1,,,,
932,10,3,1,1,,3,,,,
933,17,5,15,2,,2,,,,
934,5,3,10,4,,3,,,,
935,3,10,11,1,,2,,,,
936,10,5,6,3,,1,,,,
937,1,5,10,3,,2,,,,
938,14,1,7,4,,1,,,,
939,8,17,3,3,,1,,,,
940,11,9,10,3,,2,,,,
941,5,10,7,3,,2,,,,
942,3,5,1,3,,2,,,,
943,10,11,3,3,,1,,,,
944,10,1,14,1,,3,,,,
945,6,5,10,3,,2,,,,
946,3,9,10,4,,1,,,,
947,7,6,5,2,,2,,,,
948,6,3,13,2,,2,,,,
949,6,10,11,2,,1,,,,
950,3,9,14,4,,1,,,,
951,6,11,13,2,,2,,,,
952,3,7,11,3,,2,,,,
953,6,10,11,3,,2,,,,
954,2,11,3,3,,2,,,,
955,3,14,7,2,,2,,,,
956,3,5,17,3,,1,,,,
957,3,8,10,4,,2,,,,
958,11,1,10,2,,2,,,,
960,3,7,9,3,,1,,,,
961,3,6,7,3,,2,,,,
962,13,9,11,3,,1,,,,
963,5,10,11,3,,2,,,,
964,10,11,6,3,,2,,,,
965,7,6,5,4,,1,,,,
966,11,5,10,4,,1,,,,
967,17,5,3,3,,2,,,,
969,3,10,5,4,,1,,,,
971,3,9,6,2,,2,,,,
972,3,5,10,3,,1,,,,
973,7,11,5,3,,1,,,,
974,5,10,11,3,,2,,,,
975,3,5,13,1,,2,,,,
976,3,5,10,2,,1,,,,
979,3,6,10,3,,1,,,,
980,1,3,10,4,,1,,,,
981,10,3,5,4,,1,,,,
982,6,11,10,3,,2,,,,
983,6,7,11,4,,1,,,,
984,7,11,13,3,,1,,,,
985,5,15,17,3,,1,,,,
986,5,10,3,3,,2,,,,
987,3,10,6,3,,3,,,,
988,3,5,10,3,,2,,,,
989,11,14,6,3,,2,,,,
990,10,11,3,4,,1,,,,
991,7,9,2,4,,2,,,,
992,13,11,10,2,,8,,,,
993,10,13,11,3,,1,,,,
994,3,10,11,3,,2,,,,
995,10,11,3,3,,2,,,,
996,11,7,3,3,,2,,,,
997,3,10,2,2,,2,,,,
998,5,10,7,3,,8,,,,
999,10,3,5,3,,2,,,,
1000,3,10,9,3,,2,,,,
1001,3,7,13,4,,2,,,,
1002,3,10,5,3,,8,,,,
1003,11,10,13,4,,2,,,,
1004,10,7,3,2,,1,,,,
1005,11,10,6,4,,1,,,,
1006,6,5,10,3,,1,,,,
1007,3,5,10,2,,2,,,,
1008,10,11,13,4,,1,,,,
1009,6,10,11,3,,2,,,,
1011,5,10,11,3,,1,,,,
1012,7,11,17,2,,2,,,,
1013,10,17,3,1,,3,,,,
1014,13,10,5,4,,1,,,,
1015,3,9,2,4,,1,,,,
1016,1,17,3,4,,2,,,,
1017,10,7,3,3,,1,,,,
1018,10,5,7,3,,1,,,,
1019,9,2,3,3,,1,,,,
1020,17,5,14,4,,1,,,,
1021,3,7,17,3,,1,,,,
1022,13,11,10,1,,1,,,,
1023,3,10,2,3,,2,,,,
1024,5,1,12,3,,1,,,,
1025,3,10,7,3,,2,,,,
1026,5,6,13,3,,1,,,,
1028,1,3,6,3,,1,,,,
1029,1,8,11,1,,2,,,,
1030,11,5,7,4,,2,,,,
1031,1,9,3,4,,1,,,,
1032,11,14,1,3,,3,,,,
1033,1,2,3,3,,1,,,,
1034,3,10,7,3,,2,,,,
1035,13,6,9,3,,2,,,,
1036,11,10,1,2,,2,,,,
1037,9,5,3,3,,1,,,,
1038,7,3,17,3,,1,,,,
1039,3,2,5,3,,2,,,,
1040,9,10,11,2,,2,,,,
1041,7,11,6,2,,8,,,,
1042,5,6,11,3,,1,,,,
1043,5,6,10,3,,8,,,,
1044,10,11,7,2,,2,,,,
1045,10,2,88,3,,2,,,,
1046,5,10,11,2,,2,,,,
1047,1,3,6,2,,2,,,,
1048,10,88,1,3,,2,,,,
1050,6,5,11,2,,2,,,,
1051,10,5,2,3,,1,,,,
1052,3,7,10,3,,3,,,,
1053,10,12,11,3,,2,,,,
1054,1,3,10,3,,2,,,,
1055,11,5,6,2,,1,,,,
1056,11,5,6,4,,1,,,,
1057,5,3,6,2,,2,,,,
1058,1,11,13,3,,3,,,,
1059,11,6,7,4,,1,,,,
1060,10,11,3,2,,2,,,,
1061,5,6,10,4,,1,,,,
1062,10,5,3,4,,1,,,,
1063,7,9,5,8,,8,,,,
1064,6,5,10,2,,3,,,,
1065,7,6,10,3,,2,,,,
1066,11,4,1,3,,1,,,,
1067,5,10,14,3,,2,,,,
1068,6,7,10,4,,2,,,,
1069,10,5,9,3,,1,,,,
1070,10,5,11,3,,1,,,,
1071,6,10,13,3,,1,,,,
1072,10,5,7,3,,1,,,,
1073,10,5,3,3,,1,,,,
1074,14,17,3,3,,2,,,,
1075,6,10,5,4,,1,,,,
1076,6,10,88,3,,8,,,,
1077,1,5,10,3,,2,,,,
1078,10,12,5,3,,2,,,,
1079,11,13,10,3,,2,,,,
1080,7,1,5,3,,2,,,,
1081,10,12,5,4,,1,,,,
1082,15,14,17,4,,2,,,,
1085,7,5,10,4,,1,,,,
1087,3,6,7,3,,1,,,,
1088,4,5,8,4,,2,,,,
1089,9,8,3,3,,2,,,,
1093,3,10,5,4,,1,,,,
1097,17,8,2,3,,1,,,,
1100,7,12,15,4,,1,,,,
1102,17,14,8,3,,2,,,,
1103,14,10,5,3,,1,,,,
1104,5,7,10,4,,1,,,,
1111,10,3,9,3,,2,,,,
1112,14,3,9,3,,1,,,,
1113,9,14,3,1,,2,,,,
1114,3,9,10,3,,2,,,,
1115,10,11,3,3,,1,,,,
1116,10,3,5,4,,1,,,,
1117,7,3,10,4,,1,,,,
1118,7,3,10,3,,2,,,,
1119,3,7,5,4,,1,,,,
1120,2,3,10,2,,2,,,,
1123,3,5,10,3,,2,,,,
1125,5,11,10,3,,2,,,,
1126,7,6,3,3,,1,,,,
1128,17,11,4,2,,2,,,,
1129,3,12,11,4,,1,,,,
1132,10,6,3,3,,2,,,,
1133,10,13,6,3,,2,,,,
1137,7,10,1,2,,1,,,,
1138,9,5,10,3,,2,,,,
1139,10,3,5,3,,1,,,,
1140,3,7,11,2,,2,,,,
1141,3,17,12,3,,2,,,,
1143,1,11,5,2,,2,,,,
1146,11,3,5,2,,2,,,,
1147,3,1,9,2,,1,,,,
1148,10,11,6,4,,2,,,,
1150,3,11,10,3,,2,,,,
1151,3,10,7,3,,2,,,,
1152,5,17,10,3,,1,,,,
1154,1,3,11,2,,3,,,,
1156,11,3,12,3,,1,,,,
1157,3,9,11,3,,2,,,,
1158,2,11,13,3,,2,,,,
1159,3,9,11,3,,2,,,,
1161,7,6,2,2,,2,,,,
1162,3,10,9,3,,1,,,,
1163,5,6,16,3,,1,,,,
1164,3,5,11,3,,1,,,,
1166,3,9,5,3,,1,,,,
1167,3,5,6,3,,1,,,,
1168,3,10,9,3,,2,,,,
1169,5,8,10,3,,1,,,,
1170,10,13,9,3,,1,,,,
1171,11,10,5,3,,2,,,,
1173,3,1,10,3,,1,,,,
1175,10,5,13,3,,1,,,,
1176,5,9,14,3,,2,,,,
1177,6,3,11,3,,1,,,,
1181,11,1,10,3,,1,,,,
1182,11,13,3,4,,1,,,,
1183,1,3,11,4,,1,,,,
1185,2,3,5,4,,1,,,,
1187,3,10,11,2,,2,,,,
1189,3,7,10,3,,2,,,,
1191,3,11,14,2,,2,,,,
1194,3,7,10,2,,2,,,,
1195,9,10,7,3,,2,,,,
1196,7,5,3,4,,8,,,,
1197,9,3,7,4,,1,,,,
1198,13,7,2,3,,2,,,,
1199,9,2,3,4,,2,,,,
1202,5,6,10,4,,2,,,,
1205,4,7,10,3,,1,,,,
1208,10,7,6,2,,3,,,,
1209,10,3,2,3,,9,,,,
1211,10,9,5,3,,2,,,,
1215,17,13,11,3,,2,,,,
1218,10,8,5,3,,1,,,,
1219,2,3,4,2,,2,,,,
1220,3,9,7,3,,1,,,,
1221,5,1,11,4,,1,,,,
1223,5,1,11,3,,2,,,,
1224,10,6,7,3,,1,,,,
1226,2,16,14,1,,2,,,,
1227,17,7,15,2,,3,,,,
1232,5,10,11,3,,1,,,,
1236,3,5,15,3,,1,,,,
1238,6,17,2,3,,3,,,,
1244,9,10,11,2,,1,,,,
1248,11,10,3,3,,1,,,,
1250,3,9,14,4,,1,,,,
1251,3,10,7,2,,2,,,,
1254,2,3,10,4,,2,,,,
1255,5,10,3,4,,2,,,,
1260,17,5,8,4,,1,,,,
1265,17,5,10,4,,1,,,,
1266,5,11,10,3,,2,,,,
1269,1,10,3,5,,2,,,,
1270,10,11,3,3,,2,,,,
1272,17,7,6,2,,1,,,,
1273,1,5,11,3,,2,,,,
1275,5,3,9,4,,1,,,,
1276,5,10,3,2,,2,,,,
1277,2,8,9,3,,2,,,,
1278,5,9,2,1,,2,,,,
1279,1,2,3,2,,2,,,,
1280,3,12,10,2,,2,,,,
1281,9,3,10,2,,2,,,,
1285,3,9,11,4,,1,,,,
1286,3,10,7,2,,3,,,,
1287,2,3,9,2,,2,,,,
1288,1,3,14,4,,1,,,,
1289,7,8,4,2,,2,,,,
1290,2,6,12,3,,2,,,,
1293,3,11,1,3,,2,,,,
1297,3,9,10,3,,1,,,,
1298,3,6,7,4,,3,,,,
1299,5,3,11,3,,2,,,,
1301,5,3,10,3,,3,,,,
1302,7,9,3,3,,1,,,,
1303,3,6,9,3,,2,,,,
1304,1,4,17,4,,2,,,,
1306,13,5,10,2,,2,,,,
1308,10,5,3,4,,2,,,,
1315,3,7,10,3,,2,,,,
1316,5,7,9,4,,1,,,,
1317,9,3,10,3,,8,,,,
1321,9,13,6,3,,2,,,,
1322,15,10,5,4,,1,,,,
1323,9,10,7,3,,1,,,,
1325,3,9,10,3,,2,,,,
1326,6,7,11,3,,2,,,,
1327,13,9,10,2,,2,,,,
1328,7,5,10,9,,2,,,,
1329,11,5,7,4,,2,,,,
1331,10,7,6,3,,2,,,,
1332,10,6,11,4,,2,,,,
1335,1,8,10,4,,2,,,,
1336,10,6,11,5,,2,,,,
1340,5,6,10,1,,3,,,,
1342,10,3,1,2,,3,,,,
1343,5,9,17,3,,2,,,,
1344,3,5,15,3,,1,,,,
1345,3,7,11,3,,2,,,,
1346,5,3,7,4,,1,,,,
1348,10,3,14,4,,1,,,,
1349,5,10,3,4,,1,,,,
1350,5,3,11,2,,2,,,,
1357,10,3,1,3,,2,,,,
1363,17,7,9,3,,1,,,,
1368,14,3,6,3,,2,,,,
1371,14,2,17,3,,1,,,,
1372,3,5,14,3,,2,,,,
1373,3,9,10,3,,2,,,,
1377,16,5,6,3,,2,,,,
1378,9,3,5,2,,2,,,,
1380,7,17,11,4,,2,,,,
1382,12,3,16,2,,3,,,,
1383,5,13,17,3,,3,,,,
1386,3,2,9,4,,2,,,,
1388,4,5,2,3,,2,,,,
1390,17,7,3,4,,1,,,,
1402,10,5,6,3,,2,,,,
1408,7,2,3,2,,2,,,,
1411,17,5,2,4,,1,,,,
1412,3,10,14,3,,2,,,,
1413,10,1,14,1,,2,,,,
1423,10,2,17,4,,1,,,,
1424,9,10,11,3,,2,,,,
1425,3,14,10,4,,2,,,,
1426,10,14,7,3,,2,,,,
1427,14,2,3,3,,2,,,,
1428,7,10,17,3,,2,,,,
1429,10,16,3,5,,2,,,,
1441,10,5,14,3,,1,,,,
1443,14,11,13,3,,2,,,,
1445,1,11,7,2,,3,,,,
1446,3,10,9,3,,2,,,,
1447,6,10,11,4,,1,,,,
1448,11,7,5,3,,2,,,,
1449,5,6,9,4,,1,,,,
1450,3,6,9,3,,2,,,,
1451,10,3,1,4,,1,,,,
1454,5,3,10,3,,1,,,,
1455,17,13,14,4,,1,,,,
1457,3,7,10,3,,2,,,,
1458,5,10,11,3,,2,,,,
1459,10,11,5,3,,1,,,,
1460,5,10,3,3,,1,,,,
1461,1,3,9,2,,2,,,,
1462,3,2,14,3,,1,,,,
1463,10,3,6,3,,3,,,,
1464,5,10,11,3,,2,,,,
1465,3,9,10,3,,2,,,,
1466,5,13,9,3,,2,,,,
1467,2,1,9,2,,2,,,,
1468,11,7,3,3,,3,,,,
1470,3,9,5,3,,2,,,,
1471,10,5,3,3,,2,,,,
1472,5,6,3,3,,1,,,,
1473,3,10,5,4,,1,,,,
1475,10,11,3,3,,1,,,,
1479,11,16,10,3,,2,,,,
1481,6,9,8,3,,1,,,,
1482,5,7,10,3,,1,,,,
1485,10,6,13,3,,2,,,,
1487,10,5,6,4,,1,,,,
1488,7,3,9,1,,1,,,,
1490,6,7,2,3,,2,,,,
1491,3,7,11,3,,2,,,,
1493,10,5,7,4,,1,,,,
1494,5,3,9,3,,2,,,,
1495,2,4,7,3,,1,,,,
1496,3,7,14,2,,2,,,,
1497,3,11,13,3,,2,,,,
1498,1,13,11,4,,1,,,,
1499,2,3,5,3,,1,,,,
1500,2,5,11,3,,2,,,,
1502,3,1,12,3,,2,,,,
1504,5,10,11,2,,2,,,,
1505,11,3,17,3,,2,,,,
1506,3,11,10,2,,2,,,,
1507,10,5,3,3,,1,,,,
1509,17,10,3,2,,1,,,,
1510,14,6,3,4,,1,,,,
1512,4,8,13,3,,1,,,,
1513,5,9,10,4,,1,,,,
1514,13,5,10,3,,1,,,,
1515,12,6,10,2,,2,,,,
1516,5,3,9,4,,1,,,,
1517,1,10,5,2,,1,,,,
1523,11,5,10,2,,1,,,,
1525,11,12,1,3,,2,,,,
1526,3,11,5,3,,1,,,,
1527,3,5,2,2,,3,,,,
1528,3,7,11,3,,3,,,,
1529,3,17,4,3,,2,,,,
1531,3,10,12,3,,2,,,,
1532,3,10,11,2,,1,,,,
1533,5,11,17,3,,2,,,,
1534,3,10,14,4,,1,,,,
1535,3,6,11,3,,2,,,,
1536,2,10,5,3,,2,,,,
1537,11,5,12,1,,2,,,,
1539,3,8,12,4,,2,,,,
1540,1,4,17,3,,2,,,,
1543,2,6,11,2,,2,,,,
1545,3,5,9,3,,2,,,,
1548,3,5,9,3,,2,,,,
1549,10,17,7,3,,2,,,,
1550,10,9,3,3,,1,,,,
1551,3,9,12,2,,2,,,,
1552,10,9,3,3,,2,,,,
1553,17,3,5,4,,2,,,,
1554,3,9,10,3,,2,,,,
1555,7,4,10,4,,1,,,,
1556,3,6,10,4,,1,,,,
1557,2,5,10,3,,2,,,,
1558,5,10,4,3,,1,,,,
1563,5,6,10,5,,1,,,,
1566,10,5,7,4,,1,,,,
1570,3,2,9,3,,2,,,,
1571,3,10,9,3,,2,,,,
1572,6,14,17,4,,1,,,,
1574,3,11,5,3,,3,,,,
1576,3,10,5,3,,1,,,,
1577,6,5,10,2,,2,,,,
1580,1,14,7,3,,2,,,,
1581,10,14,12,4,,2,,,,
1585,5,6,1,2,,2,,,,
1587,5,7,10,3,,2,,,,
1588,1,5,11,3,,2,,,,
1589,12,3,5,3,,2,,,,
1590,5,7,2,4,,1,,,,
1591,9,3,6,3,,1,,,,
1592,3,5,9,4,,1,,,,
1593,3,6,7,4,,1,,,,
1594,10,11,6,3,,2,,,,
1595,3,9,10,2,,2,,,,
1596,3,5,10,3,,1,,,,
1597,5,10,7,3,,2,,,,
1598,10,11,14,3,,2,,,,
1600,11,10,3,3,,2,,,,
1601,3,10,11,3,,2,,,,
1602,3,1,10,4,,2,,,,
1604,3,5,11,3,,2,,,,
1606,7,9,10,2,,2,,,,
1607,3,5,6,1,,1,,,,
1608,3,4,7,3,,1,,,,
1615,3,5,14,3,,1,,,,
1616,2,11,10,2,,2,,,,
1619,1,11,10,3,,2,,,,
1620,5,13,2,3,,9,,,,
1622,9,5,10,2,,1,,,,
1623,5,13,3,4,,1,,,,
1624,7,13,10,2,,2,,,,
1625,11,10,7,2,,2,,,,
1626,5,10,17,4,,1,,,,
1657,13,6,10,3,,1,,,,
1658,3,6,10,4,,2,,,,
1660,3,5,8,4,,1,,,,
1662,17,10,5,4,,1,,,,
1663,10,11,3,3,,1,,,,
1664,3,9,11,5,,8,,,,
1666,3,6,10,3,,2,,,,
1668,5,10,3,3,,2,,,,
1669,3,11,16,1,,2,,,,
1670,3,9,5,3,,2,,,,
1673,3,9,11,3,,2,,,,
1675,10,5,12,4,,2,,,,
1677,5,10,13,3,,8,,,,
1679,10,11,3,3,,8,,,,
1680,10,9,11,3,,2,,,,
1681,2,5,13,4,,1,,,,
1682,6,10,3,3,,1,,,,
1686,3,5,11,4,,1,,,,
1687,3,9,11,2,,1,,,,
1688,11,10,9,3,,1,,,,
1689,10,3,12,3,,1,,,,
1690,7,13,9,4,,1,,,,
1691,3,10,7,3,,1,,,,
1692,3,4,11,3,,2,,,,
1693,3,10,5,3,,2,,,,
1694,3,7,11,2,,2,,,,
1698,5,10,11,2,,2,,,,
1699,9,10,11,4,,1,,,,
1700,13,11,6,3,,2,,,,
1701,8,11,1,4,,1,,,,
1702,5,6,7,3,,1,,,,
1704,7,3,12,3,,2,,,,
1706,6,5,11,3,,1,,,,
1708,10,5,12,3,,2,,,,
1709,5,3,13,3,,2,,,,
1711,10,13,6,3,,2,,,,
1713,10,1,11,3,,1,,,,
1717,17,5,14,3,,3,,,,
1719,3,9,10,2,,1,,,,
1720,1,17,3,3,,2,,,,
1721,8,3,17,3,,2,,,,
1722,3,10,11,3,,2,,,,
1723,3,2,10,3,,8,,,,
1724,5,9,1,3,,2,,,,
1725,3,5,14,3,,2,,,,
1727,3,9,15,3,,1,,,,
1729,3,5,10,3,,2,,,,
1730,5,2,1,3,,1,,,,
1731,5,6,3,3,,2,,,,
1732,3,9,13,3,,1,,,,
1733,14,88,6,4,,2,,,,
1734,6,7,10,3,,2,,,,
1740,3,7,10,2,,3,,,,
1742,3,10,5,3,,1,,,,
1743,10,9,5,3,,1,,,,
1744,3,88,5,2,,2,,,,
1749,3,10,5,2,,1,,,,
1751,10,5,13,4,,1,,,,
1752,13,7,3,3,,1,,,,
1753,17,5,3,2,,2,,,,
1754,17,11,3,2,,2,,,,
1756,11,14,7,3,,2,,,,
1757,9,11,10,2,,2,,,,
1759,2,5,9,3,,3,,,,
1761,5,3,7,3,,2,,,,
1763,3,5,9,2,,2,,,,
1765,10,12,3,4,,1,,,,
1766,4,2,11,3,,2,,,,
1767,10,12,3,3,,3,,,,
1769,3,9,10,4,,1,,,,
1772,5,2,3,4,,2,,,,
1773,5,3,10,3,,2,,,,
1775,6,10,5,2,,2,,,,
1776,11,10,14,3,,1,,,,
1777,1,3,5,3,,1,,,,
1779,5,10,17,1,,2,,,,
1780,2,4,6,3,,1,,,,
1783,3,10,11,3,,2,,,,
1784,3,10,5,3,,2,,,,
1785,3,7,5,3,,2,,,,
1787,4,1,12,3,,2,,,,
1788,3,8,10,3,,2,,,,
1791,2,9,10,3,,2,,,,
1793,5,3,7,3,,1,,,,
1796,5,10,6,3,,1,,,,
1797,10,13,17,3,,2,,,,
1798,5,6,11,3,,2,,,,
1800,2,5,7,3,,1,,,,
1801,3,10,5,3,,1,,,,
1802,3,10,9,3,,1,,,,
1803,2,5,9,3,,1,,,,
1804,3,9,11,3,,1,,,,
1805,3,5,7,3,,1,,,,
1806,2,11,12,4,,1,,,,
1811,5,6,1,1,,2,,,,
1819,10,5,3,4,,2,,,,
1821,16,3,10,3,,2,,,,
1826,14,11,9,2,,2,,,,
1831,6,5,8,2,,2,,,,
1832,5,10,3,4,,1,,,,
1834,6,5,1,2,,2,,,,
1836,10,11,5,4,,1,,,,
1837,3,9,10,4,,1,,,,
1838,10,11,5,3,,2,,,,
1839,10,5,3,4,,2,,,,
1841,2,11,5,3,,1,,,,
1842,10,5,3,3,,1,,,,
1843,11,13,7,5,,1,,,,
1845,7,11,10,3,,2,,,,
1847,3,17,12,2,,3,,,,
1848,11,3,1,3,,2,,,,
1849,3,6,7,2,,2,,,,
1850,5,11,17,3,,2,,,,
1851,2,6,7,3,,2,,,,
1853,10,5,9,3,,2,,,,
1854,17,7,5,3,,2,,,,
1856,99,99,99,1,,2,,,,
1857,17,1,9,4,,1,,,,
1858,17,10,2,5,,1,,,,
1859,17,11,10,1,,2,,,,
1860,11,5,7,4,,1,,,,
1862,10,5,11,3,,2,,,,
1863,10,9,14,3,,2,,,,
1864,11,5,4,2,,3,,,,
1865,10,9,5,2,,3,,,,
1867,10,11,5,3,,1,,,,
1868,10,5,7,2,,2,,,,
1869,9,10,6,1,,2,,,,
1870,3,6,10,3,,1,,,,
1871,17,10,9,2,,3,,,,
1872,10,11,4,3,,2,,,,
1873,10,9,1,3,,1,,,,
1876,7,13,11,4,,1,,,,
1878,11,3,5,3,,2,,,,
1879,17,5,7,3,,1,,,,
1881,6,10,3,4,,2,,,,
1885,5,3,1,3,,2,,,,
1886,9,11,1,3,,1,,,,
1887,9,11,10,3,,2,,,,
1889,3,9,10,3,,2,,,,
1890,9,10,16,5,,2,,,,
1891,9,3,11,3,,2,,,,
1892,9,11,3,3,,3,,,,
1894,10,5,13,1,,2,,,,
1895,13,14,10,3,,1,,,,
1897,1,3,5,3,,3,,,,
1898,10,3,11,3,,1,,,,
1899,3,11,14,3,,1,,,,
1900,3,17,9,4,,1,,,,
1901,3,5,14,3,,1,,,,
1902,10,2,3,3,,2,,,,
1903,11,3,10,2,,2,,,,
1904,5,7,9,3,,2,,,,
1905,5,10,13,3,,1,,,,
1906,9,5,2,4,,2,,,,
1907,3,11,10,3,,1,,,,
1908,14,3,5,3,,2,,,,
1909,2,14,17,3,,2,,,,
1910,9,3,11,4,,1,,,,
1911,3,9,10,3,,2,,,,
1912,3,10,5,2,,2,,,,
1913,10,11,3,3,,1,,,,
1914,11,10,3,3,,2,,,,
1915,10,11,9,5,,8,,,,
1916,7,10,2,3,,2,,,,
1917,11,5,3,4,,1,,,,
1918,10,5,1,4,,1,,,,
1919,3,5,7,2,,2,,,,
1920,17,11,13,4,,3,,,,
1921,3,11,15,3,,2,,,,
1922,3,7,10,4,,1,,,,
1923,10,3,5,2,,2,,,,
1924,10,3,11,3,,2,,,,
1925,10,6,9,3,,2,,,,
1926,3,9,10,3,,1,,,,
1927,5,7,9,3,,2,,,,
1928,6,5,9,3,,2,,,,
1929,10,5,3,4,,1,,,,
1930,3,2,8,3,,2,,,,
1931,5,3,13,3,,2,,,,
1935,13,14,3,4,,1,,,,
1936,5,3,17,3,,2,,,,
1937,1,7,10,3,,2,,,,
1938,16,1,11,5,,1,,,,
1939,5,10,6,4,,1,,,,
1941,10,7,6,3,,2,,,,
1944,3,11,5,3,,2,,,,
1945,6,7,8,2,,1,,,,
1946,14,11,13,2,,2,,,,
1947,3,7,10,3,,2,,,,
1948,10,7,4,3,,1,,,,
1949,4,5,9,3,,2,,,,
1951,5,6,17,3,,1,,,,
1952,3,9,7,3,,1,,,,
1953,3,10,11,8,,1,,,,
1954,6,11,1,3,,8,,,,
1955,16,3,7,3,,1,,,,
1957,5,14,13,4,,1,,,,
1958,13,6,11,3,,1,,,,
1959,7,10,13,3,,2,,,,
1960,5,10,11,3,,1,,,,
1961,5,7,10,3,,2,,,,
1962,9,3,7,3,,2,,,,
1963,2,5,6,3,,2,,,,
1964,1,10,11,3,,1,,,,
1965,5,10,9,3,,8,,,,
1966,1,3,10,2,,2,,,,
1967,10,7,6,8,,3,,,,
1968,17,10,2,4,,1,,,,
1969,5,10,6,4,,1,,,,
1970,10,4,1,3,,2,,,,
1971,10,1,3,3,,1,,,,
1972,3,10,9,3,,1,,,,
1973,11,1,7,2,,1,,,,
1975,17,9,5,3,,1,,,,
1977,15,10,5,3,,1,,,,
1978,5,11,14,3,,2,,,,
1979,10,11,5,3,,2,,,,
1980,5,8,10,3,,1,,,,
1981,6,12,10,4,,1,,,,
1983,5,3,7,3,,1,,,,
1985,1,5,7,4,,1,,,,
1989,2,5,6,3,,1,,,,
1990,1,5,6,3,,2,,,,
1991,1,3,6,4,,1,,,,
1992,3,5,7,3,,2,,,,
3,5,13,10,3,,1,,,,
8,9,2,11,2,,2,,,,
13,7,13,2,3,,2,,,,
14,5,9,10,3,,2,,,,
21,3,11,10,3,,1,,,,
22,3,5,10,4,,1,,,,
27,14,10,11,1,,3,,,,
30,10,7,13,2,,2,,,,
42,14,10,5,1,,2,,,,
46,5,10,7,3,,2,,,,
114,5,13,16,3,,2,,,,
151,5,3,13,3,,2,,,,
161,10,11,7,3,,2,,,,
163,14,3,2,4,,2,,,,
171,8,6,9,1,,2,,,,
173,2,4,7,2,,2,,,,
184,10,13,5,3,,2,,,,
190,1,11,10,8,,8,,,,
202,6,3,10,2,,2,,,,
204,6,2,11,8,,1,,,,
205,7,10,6,2,,2,,,,
229,10,1,2,3,,2,,,,
234,10,7,14,4,,2,,,,
245,7,10,11,1,,3,,,,
250,1,3,5,3,,2,,,,
252,3,6,10,4,,1,,,,
255,3,14,16,3,,2,,,,
256,3,13,10,3,,1,,,,
258,5,10,13,2,,2,,,,
261,5,10,11,2,,3,,,,
268,16,3,11,3,,2,,,,
271,3,5,14,1,,3,,,,
278,12,10,5,3,,3,,,,
279,11,5,16,2,,2,,,,
280,3,5,14,1,,3,,,,
281,5,16,15,2,,3,,,,
282,5,3,16,2,,2,,,,
285,2,16,11,2,,2,,,,
286,2,3,5,4,,1,,,,
289,3,9,2,3,,2,,,,
290,7,10,2,2,,2,,,,
291,9,10,7,3,,1,,,,
292,3,5,11,3,,2,,,,
302,1,2,9,2,,3,,,,
304,3,10,6,3,,3,,,,
314,9,7,10,3,,2,,,,
321,5,15,9,4,,2,,,,
340,10,5,3,3,,2,,,,
348,3,2,10,1,,2,,,,
354,5,6,11,3,,1,,,,
362,5,4,9,4,,3,,,,
368,10,4,14,3,,3,,,,
373,6,5,3,2,,3,,,,
377,5,1,3,3,,3,,,,
384,6,2,7,3,,2,,,,
397,16,7,2,2,,2,,,,
398,10,6,3,3,,3,,,,
404,2,3,6,4,,2,,,,
408,16,2,15,3,,3,,,,
413,5,10,16,4,,2,,,,
433,5,1,10,3,,2,,,,
443,7,2,11,3,,1,,,,
444,1,14,11,1,,2,,,,
453,7,11,10,2,,1,,,,
455,5,10,13,3,,2,,,,
466,10,2,3,4,,8,,,,
469,3,1,9,3,,3,,,,
470,3,14,15,3,,2,,,,
487,3,5,10,3,,1,,,,
489,11,6,10,3,,1,,,,
497,10,3,6,2,,2,,,,
498,10,5,1,3,,1,,,,
501,3,6,11,2,,2,,,,
508,11,2,3,2,,3,,,,
515,16,3,6,3,,2,,,,
517,2,1,10,2,,2,,,,
520,7,11,10,2,,3,,,,
532,2,13,7,2,,3,,,,
544,3,10,5,2,,8,,,,
545,14,11,1,4,,1,,,,
549,10,11,1,3,,2,,,,
550,7,11,10,2,,8,,,,
558,10,9,4,3,,1,,,,
566,7,9,10,4,,8,,,,
576,3,5,6,3,,2,,,,
584,11,9,3,3,,1,,,,
588,13,11,10,2,,3,,,,
601,10,8,11,2,,3,,,,
602,6,4,10,2,,3,,,,
613,5,10,3,3,,3,,,,
653,10,4,11,3,,1,,,,
674,11,13,3,4,,2,,,,
683,3,2,7,3,,1,,,,
729,10,3,11,4,,1,,,,
731,3,6,10,3,,2,,,,
733,10,6,5,2,,2,,,,
737,10,6,3,2,,3,,,,
745,11,13,3,4,,2,,,,
759,10,3,9,3,,2,,,,
771,3,14,7,3,,2,,,,
772,3,9,10,4,,1,,,,
775,1,3,4,3,,2,,,,
776,10,5,7,3,,1,,,,
780,14,11,10,2,,2,,,,
783,5,16,11,3,,2,,,,
790,11,6,7,3,,2,,,,
792,3,7,10,2,,2,,,,
807,3,1,14,5,,1,,,,
820,3,14,10,4,,2,,,,
824,6,5,9,3,,2,,,,
828,3,14,11,3,,2,,,,
829,5,3,2,1,,3,,,,
831,5,3,10,4,,1,,,,
839,6,10,7,3,,2,,,,
847,2,3,7,4,,2,,,,
862,1,3,15,3,,2,,,,
887,3,13,11,3,,2,,,,
959,5,6,3,4,,1,,,,
968,3,13,2,2,,1,,,,
970,7,3,1,2,,1,,,,
977,5,3,16,4,,1,,,,
978,3,5,7,4,,2,,,,
1010,2,16,3,3,,2,,,,
1027,16,3,12,4,,2,,,,
1049,3,5,6,5,,3,,,,
1083,10,5,4,3,,2,,,,
1084,12,9,7,2,,8,,,,
1086,2,10,6,3,,1,,,,
1090,11,10,5,3,,3,,,,
1091,6,13,3,3,,2,,,,
1092,10,11,5,2,,2,,,,
1095,7,6,5,3,,2,,,,
1098,11,7,10,2,,3,,,,
1099,11,3,2,2,,2,,,,
1101,10,7,3,3,,3,,,,
1106,12,5,1,4,,2,,,,
1107,13,3,5,3,,3,,,,
1108,13,5,10,3,,2,,,,
1109,5,3,12,2,,2,,,,
1110,2,3,10,2,,3,,,,
1121,10,11,5,2,,3,,,,
1130,16,11,12,3,,2,,,,
1131,2,10,16,2,,2,,,,
1134,10,5,11,3,,3,,,,
1136,13,7,2,2,,3,,,,
1142,3,2,12,2,,2,,,,
1149,11,10,7,3,,2,,,,
1153,10,5,6,8,,8,,,,
1165,5,15,2,4,,2,,,,
1172,2,5,13,2,,2,,,,
1174,16,3,10,2,,2,,,,
1179,13,10,5,2,,2,,,,
1180,10,9,11,3,,1,,,,
1184,6,5,9,3,,1,,,,
1186,9,5,6,3,,2,,,,
1188,9,15,6,4,,1,,,,
1190,6,3,10,3,,2,,,,
1192,3,2,9,3,,1,,,,
1193,12,5,15,3,,2,,,,
1200,2,6,7,2,,3,,,,
1201,5,13,10,3,,2,,,,
1203,9,7,13,1,,3,,,,
1204,3,4,6,1,,2,,,,
1206,7,5,10,3,,1,,,,
1207,9,1,11,1,,2,,,,
1212,13,5,10,3,,2,,,,
1213,16,7,10,2,,2,,,,
1214,10,16,5,3,,2,,,,
1217,3,1,10,3,,3,,,,
1222,3,6,10,3,,1,,,,
1228,5,3,10,2,,3,,,,
1229,3,5,7,2,,2,,,,
1233,3,9,6,4,,1,,,,
1234,10,11,2,3,,2,,,,
1235,3,10,11,3,,2,,,,
1237,9,3,5,3,,2,,,,
1239,3,5,9,4,,2,,,,
1241,7,8,10,3,,1,,,,
1243,2,10,5,1,,3,,,,
1246,6,10,16,2,,2,,,,
1247,3,9,14,3,,2,,,,
1249,7,8,10,3,,9,,,,
1253,10,6,13,1,,3,,,,
1256,9,11,10,3,,1,,,,
1258,3,9,1,2,,2,,,,
1261,16,3,9,3,,2,,,,
1264,14,3,10,2,,1,,,,
1268,6,13,10,1,,2,,,,
1271,7,1,11,3,,3,,,,
1274,16,12,5,3,,9,,,,
1282,3,11,5,1,,3,,,,
1283,3,5,7,1,,2,,,,
1284,2,9,7,1,,3,,,,
1291,1,5,8,3,,2,,,,
1292,9,2,11,3,,2,,,,
1296,5,11,3,2,,2,,,,
1300,3,9,16,2,,3,,,,
1307,12,2,7,3,,3,,,,
1309,3,7,8,1,,2,,,,
1310,3,9,7,3,,1,,,,
1311,9,11,7,1,,2,,,,
1312,10,11,3,9,,9,,,,
1313,14,10,3,3,,2,,,,
1314,3,13,12,2,,2,,,,
1318,3,10,7,2,,8,,,,
1319,5,7,3,1,,1,,,,
1320,10,7,9,3,,2,,,,
1324,9,16,11,1,,2,,,,
1330,9,3,7,2,,2,,,,
1333,3,2,9,3,,2,,,,
1334,1,3,6,3,,2,,,,
1337,3,7,10,3,,1,,,,
1339,16,10,15,3,,3,,,,
1341,2,5,12,2,,2,,,,
1351,2,6,5,4,,2,,,,
1352,3,5,12,3,,3,,,,
1353,5,10,15,3,,1,,,,
1355,9,5,10,1,,3,,,,
1356,3,11,6,3,,3,,,,
1358,3,2,10,4,,1,,,,
1359,10,6,5,3,,2,,,,
1360,2,1,5,3,,2,,,,
1361,2,3,6,3,,2,,,,
1362,9,3,8,3,,3,,,,
1367,10,9,14,1,,3,,,,
1375,15,3,10,3,,2,,,,
1376,5,6,2,5,,2,,,,
1379,3,2,14,3,,1,,,,
1381,3,15,2,3,,3,,,,
1385,6,2,3,1,,3,,,,
1387,11,10,6,1,,3,,,,
1391,5,10,6,3,,2,,,,
1392,3,10,2,2,,3,,,,
1393,3,2,12,2,,3,,,,
1394,16,10,5,3,,3,,,,
1396,15,1,11,4,,2,,,,
1397,1,3,6,3,,2,,,,
1399,3,12,5,3,,3,,,,
1403,11,3,9,4,,2,,,,
1404,2,3,5,3,,2,,,,
1406,3,14,9,4,,1,,,,
1409,2,14,9,3,,2,,,,
1410,3,9,16,2,,2,,,,
1414,11,13,1,1,,1,,,,
1415,5,3,11,1,,2,,,,
1417,5,13,12,3,,2,,,,
1418,7,10,11,4,,2,,,,
1419,2,14,16,2,,2,,,,
1430,2,14,7,2,,2,,,,
1431,3,1,13,1,,2,,,,
1433,3,5,7,3,,3,,,,
1434,2,3,16,3,,1,,,,
1435,3,11,5,2,,2,,,,
1436,3,16,4,2,,1,,,,
1437,3,5,7,2,,1,,,,
1438,7,2,13,3,,2,,,,
1439,10,5,2,2,,2,,,,
1440,3,2,8,4,,1,,,,
1442,3,1,7,3,,2,,,,
1444,3,9,1,3,,2,,,,
1452,7,3,5,3,,2,,,,
1453,5,10,2,2,,2,,,,
1469,10,7,3,3,,2,,,,
1474,3,6,10,3,,2,,,,
1476,14,2,16,3,,3,,,,
1478,10,6,7,3,,2,,,,
1483,1,11,12,3,,2,,,,
1484,3,12,11,3,,2,,,,
1486,3,2,11,2,,2,,,,
1489,9,3,5,2,,3,,,,
1492,5,10,6,2,,2,,,,
1503,6,2,10,2,,2,,,,
1508,2,3,10,2,,3,,,,
1520,1,3,10,4,,2,,,,
1521,16,15,13,3,,1,,,,
1522,6,2,12,1,,2,,,,
1524,2,10,3,1,,3,,,,
1538,3,5,10,3,,3,,,,
1541,10,5,3,2,,2,,,,
1544,10,5,3,2,,2,,,,
1546,10,3,5,4,,1,,,,
1559,2,5,7,2,,2,,,,
1560,5,10,2,4,,1,,,,
1562,2,3,14,3,,3,,,,
1564,16,7,5,3,,1,,,,
1567,2,15,16,3,,3,,,,
1569,5,8,16,3,,2,,,,
1575,11,3,10,3,,2,,,,
1578,9,3,10,3,,1,,,,
1579,3,10,11,2,,2,,,,
1582,2,3,6,4,,2,,,,
1584,4,10,5,4,,3,,,,
1599,7,10,11,2,,2,,,,
1605,16,3,7,3,,2,,,,
1609,5,2,10,2,,3,,,,
1610,12,3,7,4,,1,,,,
1611,16,3,5,5,,2,,,,
1612,2,3,10,2,,3,,,,
1613,7,3,5,4,,3,,,,
1614,2,3,10,1,,3,,,,
1617,10,3,6,3,,2,,,,
1618,2,10,7,3,,1,,,,
1627,5,10,15,3,,1,,,,
1630,16,9,2,3,,2,,,,
1631,14,3,8,3,,3,,,,
1633,6,3,9,4,,3,,,,
1634,10,5,7,4,,2,,,,
1637,5,10,13,1,,2,,,,
1638,3,2,10,3,,2,,,,
1640,3,14,9,3,,1,,,,
1641,6,11,12,4,,1,,,,
1642,10,3,12,2,,3,,,,
1644,6,3,10,3,,2,,,,
1645,10,2,3,3,,2,,,,
1646,11,5,13,2,,3,,,,
1649,3,9,5,2,,3,,,,
1652,7,3,11,1,,2,,,,
1653,10,5,14,2,,1,,,,
1656,3,10,8,4,,1,,,,
1659,3,10,9,2,,3,,,,
1661,10,7,9,3,,3,,,,
1665,5,11,14,3,,2,,,,
1667,14,3,13,2,,3,,,,
1671,13,11,10,3,,2,,,,
1672,7,14,5,2,,2,,,,
1676,16,5,2,4,,2,,,,
1678,10,1,3,3,,1,,,,
1683,3,12,9,3,,2,,,,
1684,15,3,2,3,,2,,,,
1695,10,7,11,3,,1,,,,
1696,13,10,5,4,,2,,,,
1697,3,9,11,2,,2,,,,
1703,9,7,3,1,,2,,,,
1705,3,2,14,1,,3,,,,
1707,8,3,13,4,,2,,,,
1710,15,16,14,2,,3,,,,
1712,5,10,7,2,,2,,,,
1714,3,2,10,2,,2,,,,
1715,3,6,9,2,,3,,,,
1718,9,14,2,2,,2,,,,
1735,3,10,5,3,,3,,,,
1736,3,13,10,2,,2,,,,
1737,3,6,11,3,,2,,,,
1738,3,7,9,3,,3,,,,
1739,2,11,10,2,,2,,,,
1741,10,2,14,2,,3,,,,
1745,6,5,4,4,,1,,,,
1746,6,10,12,2,,1,,,,
1747,11,10,3,3,,1,,,,
1748,10,5,13,3,,2,,,,
1750,5,11,13,3,,2,,,,
1755,16,9,2,4,,3,,,,
1758,12,5,1,2,,3,,,,
1760,10,5,11,3,,2,,,,
1762,5,6,10,3,,2,,,,
1764,3,9,7,3,,2,,,,
1768,2,10,16,3,,2,,,,
1770,5,10,15,2,,2,,,,
1771,9,1,6,2,,2,,,,
1774,5,11,14,3,,3,,,,
1778,10,7,3,3,,2,,,,
1781,7,5,10,3,,2,,,,
1782,9,10,1,3,,2,,,,
1786,10,11,7,5,,2,,,,
1789,3,2,14,4,,2,,,,
1790,3,2,1,3,,2,,,,
1792,7,13,5,3,,1,,,,
1794,3,2,5,3,,1,,,,
1795,3,9,13,3,,2,,,,
1799,3,10,2,1,,3,,,,
1807,5,9,16,2,,2,,,,
1808,2,7,10,3,,2,,,,
1809,16,1,2,2,,2,,,,
1812,9,3,7,3,,2,,,,
1813,3,11,1,3,,2,,,,
1814,11,9,1,2,,8,,,,
1815,1,3,9,1,,3,,,,
1816,4,15,6,4,,1,,,,
1817,4,5,9,4,,3,,,,
1818,3,9,2,3,,3,,,,
1820,3,10,5,3,,1,,,,
1822,11,10,14,2,,2,,,,
1823,7,3,10,2,,2,,,,
1824,10,5,14,2,,2,,,,
1825,6,10,9,3,,2,,,,
1827,9,13,10,1,,2,,,,
1829,3,7,5,4,,2,,,,
1830,10,14,5,2,,2,,,,
1840,3,7,10,3,,2,,,,
1844,2,9,11,2,,2,,,,
1846,9,6,11,2,,2,,,,
1852,2,15,7,3,,2,,,,
1855,11,7,3,2,,2,,,,
1861,3,9,15,3,,3,,,,
1866,2,6,7,3,,2,,,,
19,7,1,11,2,,1,,,,
40,11,5,2,3,,2,,,,
129,15,5,10,4,,1,,,,
131,2,88,88,3,,8,,,,
132,8,13,16,3,,2,,,,
153,3,7,16,2,,2,,,,
214,10,7,3,2,,2,,,,
228,2,9,3,2,,3,,,,
244,7,11,5,2,,2,,,,
270,3,7,10,3,,2,,,,
295,1,3,2,2,,2,,,,
298,10,7,5,2,,2,,,,
353,6,11,10,2,,2,,,,
371,3,7,9,3,,8,,,,
383,3,7,11,3,,1,,,,
465,3,10,6,2,,2,,,,
488,11,10,1,1,,3,,,,
491,7,11,6,1,,2,,,,
514,11,10,3,2,,2,,,,
553,11,10,1,3,,3,,,,
624,11,10,7,2,,2,,,,
786,6,11,10,3,,2,,,,
808,7,9,11,4,,2,,,,
826,3,6,7,3,,1,,,,
827,9,13,5,3,,2,,,,
1096,5,7,6,2,,2,,,,
1105,3,5,10,1,,2,,,,
1124,7,9,11,1,,3,,,,
1127,3,5,7,3,,2,,,,
1145,3,1,7,2,,2,,,,
1155,5,3,14,3,,2,,,,
1160,7,11,2,3,,2,,,,
1178,2,3,5,2,,2,,,,
1210,2,3,9,3,,2,,,,
1225,5,3,6,1,,3,,,,
1230,11,1,3,1,,3,,,,
1240,5,10,16,3,,2,,,,
1245,3,10,5,2,,2,,,,
1252,3,7,10,2,,3,,,,
1262,10,5,3,3,,2,,,,
1267,10,2,3,4,,1,,,,
1305,10,13,5,2,,2,,,,
1369,3,7,14,3,,2,,,,
1370,10,5,11,3,,2,,,,
1374,3,9,14,3,,1,,,,
1384,1,3,14,2,,2,,,,
1389,10,5,6,2,,2,,,,
1395,9,14,2,3,,2,,,,
1398,1,4,16,2,,3,,,,
1401,10,5,6,2,,1,,,,
1407,3,10,11,3,,2,,,,
1421,2,3,16,2,,2,,,,
1432,13,3,5,3,,2,,,,
1456,5,2,16,2,,2,,,,
1477,7,12,15,3,,1,,,,
1480,6,5,7,3,,2,,,,
1511,5,11,9,3,,2,,,,
1518,2,6,10,3,,2,,,,
1519,3,10,5,4,,2,,,,
1530,9,16,6,2,,3,,,,
1542,6,9,3,3,,3,,,,
1547,2,3,7,2,,3,,,,
1561,3,1,9,3,,3,,,,
1583,1,3,10,1,,2,,,,
1621,3,16,10,3,,3,,,,
1629,1,3,2,3,,1,,,,
1636,3,6,11,1,,3,,,,
1643,10,13,16,2,,1,,,,
1647,2,3,5,2,,2,,,,
1651,3,10,2,3,,2,,,,
1654,2,5,10,2,,2,,,,
1726,3,6,9,3,,2,,,,
1833,3,6,1,3,,2,,,,
1135,13,11,9,2,,2,,,,
311,3,6,7,3,,2,,,,
468,7,3,16,2,,2,,,,
1354,10,14,16,3,,2,,,,
492,11,7,10,2,,3,,,,
407,2,9,10,2,,3,,,,
1603,3,9,1,3,,2,,,,
1420,7,5,16,2,,8,,,,
1422,11,16,7,3,,2,,,,
1400,3,10,5,2,,2,,,,
1405,10,5,3,2,,2,,,,
232,11,3,14,3,,2,,,,
1122,3,14,10,2,,3,,,,
1648,3,7,10,3,,2,,,,
1650,3,14,5,3,,2,,,,
1835,2,3,7,3,,1,,,,
573,1,13,7,2,,3,,,,
365,6,10,11,3,,2,,,,
1828,2,3,11,3,,1,,,,
1294,9,3,14,3,,2,,,,
1364,10,5,13,3,,2,,,,
1365,3,1,10,2,,3,,,,
1366,10,13,5,4,,2,,,,
1639,10,3,14,2,,3,,,,
240,2,7,11,2,,3,,,,
1144,3,11,10,3,,2,,,,
1216,10,5,6,2,,1,,,,
300,2,16,1,2,,2,,,,
1573,9,3,11,3,,2,,,,
1338,15,2,7,4,,1,,,,
1728,3,9,7,4,,2,,,,
1810,11,3,7,2,,2,,,,
1231,2,4,15,3,,2,,,,
294,5,2,7,2,,2,,,,
1094,2,16,11,3,,2,,,,
1628,14,3,7,3,,1,,,,
1586,5,3,6,3,,2,,,,
1263,6,4,3,3,,1,,,,
1565,6,10,11,3,,2,,,,
1635,3,4,7,3,,2,,,,
1632,15,14,2,2,,2,,,,
1716,3,7,11,8,,2,,,,
1993,13,9,1,1,,3,,,,
1994,7,8,13,4,,1,,,,
1995,11,13,1,2,,2,,,,
1996,9,14,4,2,,2,,,,
1997,2,3,16,3,,2,,,,
1998,14,3,9,1,,2,,,,
2000,5,10,2,3,,3,,,,
2001,3,10,5,2,,2,,,,
2002,2,10,5,3,,2,,,,
2003,5,10,3,2,,2,,,,
2004,6,7,13,2,,2,,,,
2005,3,11,10,2,,3,,,,
2006,7,11,10,2,,1,,,,
2007,2,14,9,2,,1,,,,
2008,2,6,11,2,,2,,,,
2009,11,10,7,2,,2,,,,
2010,2,13,6,3,,2,,,,
2011,3,2,7,2,,2,,,,
2012,10,7,5,2,,2,,,,
2013,4,6,10,2,,2,,,,
2014,10,11,13,1,,2,,,,
2015,13,11,10,2,,2,,,,
165,11,13,16,3,,2,,,,
288,10,11,15,2,,3,,,,
306,7,6,5,4,,3,,,,
896,1,3,9,3,,2,,,,
1242,10,3,9,1,,3,,,,
1257,3,2,16,3,,1,,,,
1259,16,3,9,2,,2,,,,
1295,2,3,5,3,,2,,,,
1347,3,16,10,3,,1,,,,
1416,6,10,11,3,,1,,,,
